"ID","TOKEN","IS_PUNCT"
"1","Ν","FALSE"
"2","ΓΓ.,","FALSE"
"3",".","TRUE"
"4",",.","TRUE"
"5","Καὶ","FALSE"
"6","σὺ","FALSE"
"7","καρδία","FALSE"
"8","σαλεύθητι","FALSE"
"9","καὶ","FALSE"
"10","σείσθητι","FALSE"
"11",".","TRUE"
"12","πρὸς","FALSE"
"13","τὴν","FALSE"
"14","τοῦ","FALSE"
"15","βαβυλωνίου","FALSE"
"16","καρδίαν","FALSE"
"17","φησὶν","FALSE"
"18",",","TRUE"
"19","ὅτι","FALSE"
"20","πολλοὶ","FALSE"
"21","ὑπὸ","FALSE"
"22","σοῦ","FALSE"
"23","ἐσαλεύθησαν","FALSE"
"24","πρὶν","FALSE"
"25",",","TRUE"
"26","νῦν","FALSE"
"27","οὖν","FALSE"
"28","καὶ","FALSE"
"29","σὺ","FALSE"
"30","ἡ","FALSE"
"31","μηδέποτε","FALSE"
"32","ἐλπίσασα","FALSE"
"33","σαλευθῆναι","FALSE"
"34","καὶ","FALSE"
"35","μεταπεσεῖν","FALSE"
"36","ἀπὸ","FALSE"
"37","τῆς","FALSE"
"38","εὐημερίας","FALSE"
"39",",","TRUE"
"40","ἀλλ","FALSE"
"41","ἀκράδαντος","FALSE"
"42","ἐσαεὶ","FALSE"
"43","στήσεσθαι","FALSE"
"44","καὶ","FALSE"
"45","διὰ","FALSE"
"46","τοῦτο","FALSE"
"47","σκληρυνομένη","FALSE"
"48",",","TRUE"
"49","σαλεύθητι","FALSE"
"50",",","TRUE"
"51","τουτέστι","FALSE"
"52",",","TRUE"
"53","σύνες","FALSE"
"54","ὅτι","FALSE"
"55","μετέπεσέ","FALSE"
"56","σοι","FALSE"
"57","ἡ","FALSE"
"58","εὐημερία","FALSE"
"59",",","TRUE"
"60","καὶ","FALSE"
"61","αἴσθησιν","FALSE"
"62","λαβοῦσα","FALSE"
"63","τῶν","FALSE"
"64","εἰς","FALSE"
"65","σὲ","FALSE"
"66","γενομένων","FALSE"
"67",",","TRUE"
"68","ἀπὸ","FALSE"
"69","τῆς","FALSE"
"70","ἐν","FALSE"
"71","ἀλαζονείᾳ","FALSE"
"72","στάσεως","FALSE"
"73",",","TRUE"
"74","σαλεύθητι","FALSE"
"75","καὶ","FALSE"
"76","σείσθητι","FALSE"
"77",",","TRUE"
"78","τρόμον","FALSE"
"79","τινὰ","FALSE"
"80","παθοῦσα","FALSE"
"81","καὶ","FALSE"
"82","λύπην","FALSE"
"83","ἀναλαβοῦσα","FALSE"
"84","καὶ","FALSE"
"85","μετανοίας","FALSE"
"86","ἀρχήν","FALSE"
"87",".","TRUE"
"88","ὅτι","FALSE"
"89","δὲ","FALSE"
"90","πολλοὶ","FALSE"
"91","ἐν","FALSE"
"92","εὐθηνίαις","FALSE"
"93","ὄντες","FALSE"
"94","οἴονται","FALSE"
"95","μηδέποτε","FALSE"
"96","σαλευθῆναι","FALSE"
"97",",","TRUE"
"98","μαρτυρεῖ","FALSE"
"99","δαυεὶδ","FALSE"
"100",",","TRUE"
"101","λέγων","FALSE"
"102","Ἐγὼ","FALSE"
"103","δὲ","FALSE"
"104","εἶπα","FALSE"
"105","ἐν","FALSE"
"106","τῆ","FALSE"
"107","εὐθηνίᾳ","FALSE"
"108","μου","FALSE"
"109","Οὐ","FALSE"
"110","μὴ","FALSE"
"111","σαλευθῶ","FALSE"
"112","ἐς","FALSE"
"113","τὸν","FALSE"
"114","αἰῶνα","FALSE"
"115",",","TRUE"
"116","μὴ","FALSE"
"117","ἐννοήσας","FALSE"
"118","ὅτι","FALSE"
"119","σὺ","FALSE"
"120","τὴν","FALSE"
"121","εὐπρέπειάν","FALSE"
"122","μου","FALSE"
"123","καὶ","FALSE"
"124","περιφάνειαν","FALSE"
"125","ἐνεδυνάμωσας","FALSE"
"126","κοὶ","FALSE"
"127","σταθηρὰν","FALSE"
"128","τέως","FALSE"
"129","εἶναι","FALSE"
"130","πεποίηκας","FALSE"
"131","·","TRUE"
"132","οὐχ","FALSE"
"133","ὅτι","FALSE"
"134","ἐγὼ","FALSE"
"135","ἤμην","FALSE"
"136","ἄξιος","FALSE"
"137",",","TRUE"
"138","ἀλλ","FALSE"
"139","ὅτι","FALSE"
"140","σὺ","FALSE"
"141","ἠθέλησας","FALSE"
"142","·","TRUE"
"143","κύριε","FALSE"
"144","γάρ","FALSE"
"145","φησιν","FALSE"
"146",",","TRUE"
"147","ἐν","FALSE"
"148","τῷ","FALSE"
"149","θελήματί","FALSE"
"150","σου","FALSE"
"151",",","TRUE"
"152","παρέσχου","FALSE"
"153","τῷ","FALSE"
"154","κάλλει","FALSE"
"155","μου","FALSE"
"156","δύναμιν","FALSE"
"157","·","TRUE"
"158","ἀπέστρεψας","FALSE"
"159","δὲ","FALSE"
"160","τὸ","FALSE"
"161","πρόσωπόν","FALSE"
"162","σου","FALSE"
"163","καὶ","FALSE"
"164","ἐγενήθην","FALSE"
"165","τεταραγμένος","FALSE"
"166",".","TRUE"
"167","τοῦτον","FALSE"
"168","οὖν","FALSE"
"169","τὸν","FALSE"
"170","ταραγμὸν","FALSE"
"171","παθεῖν","FALSE"
"172","παραινεῖ","FALSE"
"173","τῷ","FALSE"
"174","Βαβυλωνίῳ","FALSE"
"175",".","TRUE"
"176","καὶ","FALSE"
"177","μακάριος","FALSE"
"178","ὃς","FALSE"
"179","ἐν","FALSE"
"180","τῷ","FALSE"
"181","μαστίζεσθαι","FALSE"
"182","ὑπὸ","FALSE"
"183","Θεοῦ","FALSE"
"184","ταράττεται","FALSE"
"185","καὶ","FALSE"
"186","σαλεύεται","FALSE"
"187","ἀπὸ","FALSE"
"188","τῆς","FALSE"
"189","κακίας","FALSE"
"190",",","TRUE"
"191","καὶ","FALSE"
"192","οὐ","FALSE"
"193","λέγει","FALSE"
"194","ὅτι","FALSE"
"195","ἀνδρειοῦμαι","FALSE"
"196",".","TRUE"
"197","ἐκύκλωσεν","FALSE"
"198","ἐπὶ","FALSE"
"199","σὲ","FALSE"
"200",",","TRUE"
"201","ποτήριον","FALSE"
"202","δεξίας","FALSE"
"203","κυρίου","FALSE"
"204",".","TRUE"
"205","διὰ","FALSE"
"206","τοῦτό","FALSE"
"207","φησι","FALSE"
"208","παραινῶ","FALSE"
"209","σοι","FALSE"
"210","σεισθῆναι","FALSE"
"211","καὶ","FALSE"
"212","σαλευθῆναι","FALSE"
"213",",","TRUE"
"214","διότι","FALSE"
"215","ἦλθεν","FALSE"
"216","ἐπὶ","FALSE"
"217","σὲ","FALSE"
"218","ἡ","FALSE"
"219","δικαία","FALSE"
"220","τοῦ","FALSE"
"221","Θεοῦ","FALSE"
"222","τιμωρία","FALSE"
"223","·","TRUE"
"224","ταύτην","FALSE"
"225","γὰρ","FALSE"
"226","ποτήριον","FALSE"
"227","θείας","FALSE"
"228","δεξιᾶς","FALSE"
"229","ὀνομάζει","FALSE"
"230",".","TRUE"
"231","καὶ","FALSE"
"232","πολλαχοῦ","FALSE"
"233","δὲ","FALSE"
"234","ἀλλαχοῦ","FALSE"
"235","ἡ","FALSE"
"236","τιμωρία","FALSE"
"237","ποτήριον","FALSE"
"238","λέγεται","FALSE"
"239","·","TRUE"
"240","ὁ","FALSE"
"241","δὲ","FALSE"
"242","πιὼν","FALSE"
"243","κα","FALSE"
"244","μεθυσθεὶς","FALSE"
"245","σαλεύεται","FALSE"
"246",".","TRUE"
"247","τί","FALSE"
"248","δέ","FALSE"
"249","ἐστι","FALSE"
"250","τὸ","FALSE"
"251","ἐκύκλωσεν","FALSE"
"252",",","TRUE"
"253","ἢ","FALSE"
"254","ὅτι","FALSE"
"255","κύκλῳ","FALSE"
"256","σε","FALSE"
"257","περιέλαβεν","FALSE"
"258",",","TRUE"
"259","ὥστε","FALSE"
"260","μὴ","FALSE"
"261","δύνασθαί","FALSE"
"262","σε","FALSE"
"263","διαφυγεῖν","FALSE"
"264","ταύτην","FALSE"
"265","·","TRUE"
"266","ἢ","FALSE"
"267","ὅτι","FALSE"
"268","ὥσπερ","FALSE"
"269","ἐν","FALSE"
"270","συμποσίῳ","FALSE"
"271","τὸ","FALSE"
"272","ποτήριον","FALSE"
"273","κύκλῳ","FALSE"
"274","περιέρχεται","FALSE"
"275","τοὺς","FALSE"
"276","συμπότας","FALSE"
"277",",","TRUE"
"278","οὕτω","FALSE"
"279","καὶ","FALSE"
"280","ἡ","FALSE"
"281","ἐκ","FALSE"
"282","Θεοῦ","FALSE"
"283","τιμωρία","FALSE"
"284",",","TRUE"
"285","πρότερον","FALSE"
"286","μὲν","FALSE"
"287","τὰς","FALSE"
"288","ἄλλας","FALSE"
"289","βασιλείας","FALSE"
"290","περιῆλθε","FALSE"
"291",",","TRUE"
"292","διὰ","FALSE"
"293","σοῦ","FALSE"
"294","τιμωρησαμένη","FALSE"
"295","ταύτας","FALSE"
"296",",","TRUE"
"297","καὶ","FALSE"
"298","μεθύσασα","FALSE"
"299","συμφορῶν","FALSE"
"300",",","TRUE"
"301","κύκλῳ","FALSE"
"302","δὲ","FALSE"
"303","διερχομένη","FALSE"
"304","νῦν","FALSE"
"305","ἔφθασε","FALSE"
"306","καὶ","FALSE"
"307","ἐπὶ","FALSE"
"308","σὲ","FALSE"
"309",",","TRUE"
"310","ὥστε","FALSE"
"311","ὀφείλεις","FALSE"
"312","τοῦτο","FALSE"
"313","πιεῖν","FALSE"
"314",".","TRUE"
"315","ἡ","FALSE"
"316","δεξιὰ","FALSE"
"317","γὰρ","FALSE"
"318","τοῦ","FALSE"
"319","κυρίου","FALSE"
"320","προσφέρει","FALSE"
"321","σοι","FALSE"
"322","τοῦτο","FALSE"
"323",",","TRUE"
"324","καὶ","FALSE"
"325","ἀδύνατον","FALSE"
"326","ἐκφυγεῖν","FALSE"
"327",",","TRUE"
"328","τὴν","FALSE"
"329","γὰρ","FALSE"
"330","χεῖρα","FALSE"
"331","αὐτοῦ","FALSE"
"332","τὴν","FALSE"
"333","ὑψηλὴν","FALSE"
"334",",","TRUE"
"335","τίς","FALSE"
"336","ἀποστρέψει","FALSE"
"337",";","TRUE"
"338","καὶ","FALSE"
"339","συνήχθη","FALSE"
"340","ἀτιμία","FALSE"
"341","ἐπὶ","FALSE"
"342","τὴν","FALSE"
"343","δόξαν","FALSE"
"344","σου","FALSE"
"345",".","TRUE"
"346","ὥσπερ","FALSE"
"347","ὅταν","FALSE"
"348","εὐημερεῖς","FALSE"
"349",",","TRUE"
"350","πάντοθεν","FALSE"
"351","συνήγετό","FALSE"
"352","σοι","FALSE"
"353","ἡ","FALSE"
"354","δόξα","FALSE"
"355",",","TRUE"
"356","καὶ","FALSE"
"357","ἀπὸ","FALSE"
"358","πλούτου","FALSE"
"359","καὶ","FALSE"
"360","ἀπὸ","FALSE"
"361","ἀνδρίας","FALSE"
"362",",","TRUE"
"363","καὶ","FALSE"
"364","συνέσεως","FALSE"
"365","καὶ","FALSE"
"366","πλήθους","FALSE"
"367","ὑπηκόων","FALSE"
"368","καὶ","FALSE"
"369","τῶν","FALSE"
"370","τοιούτων","FALSE"
"371","·","TRUE"
"372","οὕτω","FALSE"
"373","νῦν","FALSE"
"374","ἡ","FALSE"
"375","ἀτιμία","FALSE"
"376","συναχθήσεται","FALSE"
"377","σοι","FALSE"
"378","ἀπὸ","FALSE"
"379","πενίας","FALSE"
"380",",","TRUE"
"381","ἀπὸ","FALSE"
"382","δειλίας","FALSE"
"383",",","TRUE"
"384","ἀπὸ","FALSE"
"385","ἀσυνεσίας","FALSE"
"386",",","TRUE"
"387","ἀπὸ","FALSE"
"388","τοῦ","FALSE"
"389","μηδένα","FALSE"
"390","ἔχειν","FALSE"
"391","ὑπήκοον","FALSE"
"392",",","TRUE"
"393","καὶ","FALSE"
"394","ἁπλῶς","FALSE"
"395",",","TRUE"
"396","πόντων","FALSE"
"397","τῶν","FALSE"
"398","τοιούτων","FALSE"
"399",".","TRUE"
"400","ὁ","FALSE"
"401","γὰρ","FALSE"
"402","ἔνδοξος","FALSE"
"403","ἀφ","FALSE"
"404","ὧν","FALSE"
"405","δοξάζεται","FALSE"
"406",",","TRUE"
"407","ἐξ","FALSE"
"408","ἐκείνων","FALSE"
"409","ἀτιμοῦται","FALSE"
"410","ἐκπεσὼν","FALSE"
"411","αὐτῶν","FALSE"
"412",".","TRUE"
"413","ἐπεὶ","FALSE"
"414","δὲ","FALSE"
"415","ὁ","FALSE"
"416","κύριος","FALSE"
"417","ἐν","FALSE"
"418","τῆ","FALSE"
"419","καρδίᾳ","FALSE"
"420","τῆς","FALSE"
"421","γῆς","FALSE"
"422","τρεῖς","FALSE"
"423","ἡμέρας","FALSE"
"424","ἐποίησε","FALSE"
"425","τῷ","FALSE"
"426","ᾅδῃ","FALSE"
"427","ἐνδιατρίψας","FALSE"
"428",",","TRUE"
"429","πρὸς","FALSE"
"430","ταύτην","FALSE"
"431","τὴν","FALSE"
"432","καρδίαν","FALSE"
"433","φησὶ","FALSE"
"434","ὅτι","FALSE"
"435","σείσθητι","FALSE"
"436",".","TRUE"
"437","τάχα","FALSE"
"438","μὲν","FALSE"
"439","καὶ","FALSE"
"440","ἀπὸ","FALSE"
"441","μν","FALSE"
"442","τοῦ","FALSE"
"443","σεισμοῦ","FALSE"
"444","τοῦ","FALSE"
"445","γενομένου","FALSE"
"446","ἐν","FALSE"
"447","τῷ","FALSE"
"448","ἐκπνεῦσαι","FALSE"
"449","αὐτὸν","FALSE"
"450",",","TRUE"
"451","ὅτε","FALSE"
"452","καὶ","FALSE"
"453","τὰ","FALSE"
"454","σημεῖα","FALSE"
"455","ἀνεῴχθη","FALSE"
"456","·","TRUE"
"457","τάχα","FALSE"
"458","δὲ","FALSE"
"459","καὶ","FALSE"
"460","ὡς","FALSE"
"461","πάσης","FALSE"
"462","τῆς","FALSE"
"463","ἀρχῆς","FALSE"
"464","τοῦ","FALSE"
"465","ᾅδου","FALSE"
"466","σαλευομένης","FALSE"
"467",",","TRUE"
"468","καὶ","FALSE"
"469","τῶν","FALSE"
"470","χαλκῶν","FALSE"
"471","πυλῶν","FALSE"
"472","ίλκ","FALSE"
"473","ΊΜΙΙ","FALSE"
"474",".","TRUE"
"475","ΟΙΊΠ","FALSE"
"476",".","TRUE"
"477","λζ́","FALSE"
"478","ΙΊ","FALSE"
"479","κ","FALSE"
"480","·","TRUE"
"481","κλωλ","FALSE"
"482","σε","FALSE"
"483","τ","FALSE"
"484","πντ•ον","FALSE"
"485","τοὺ","FALSE"
"486","Αιιίτοί","FALSE"
"487",",","TRUE"
"488","δ","FALSE"
"489","γἱν","FALSE"
"490","ἢ","FALSE"
"491","ιΛ","FALSE"
"492","τοῦ","FALSE"
"493","κυρίου","FALSE"
"494",",","TRUE"
"495","ὁ","FALSE"
"496","ὦ","FALSE"
"497",",","TRUE"
"498","τοΐτο","FALSE"
"499",",","TRUE"
"500","λαὶ","FALSE"
"501","οιΛ","FALSE"
"502","̔̀πιες","FALSE"
"503","ἰσλς","FALSE"
"504",",","TRUE"
"505","ζημίΐτοί","FALSE"
"506",",","TRUE"
"507","καὶ","FALSE"
"508","δφ́ιν","FALSE"
"509","ἴων","FALSE"
"510","ιγ","FALSE"
"511","κκιτίίΓΜ","FALSE"
"512","τῆς","FALSE"
"513","\\\•","TRUE"
"514","φιτως","FALSE"
"515",",","TRUE"
"516","νΙν","FALSE"
"517","̓́τμος","FALSE"
"518","γγοχΐί","FALSE"
"519",".","TRUE"
"520","ιργηἳς","FALSE"
"521","Τρ","FALSE"
"522",",","TRUE"
"523","ἳλτυς","FALSE"
"524","ειθμς","FALSE"
"525",".","TRUE"
"526","Ιιό","FALSE"
"527","ἃβα","FALSE"
"528","τοῦ","FALSE"
"529","λφωιἢυ","FALSE"
"530","καλόφι","FALSE"
"531","σ","FALSE"
"532",".","TRUE"
"533","ὁ","FALSE"
"534","λιἰλι","FALSE"
"535",",","TRUE"
"536","ς","FALSE"
"537",",","TRUE"
"538","̓́μς","FALSE"
"539","μς","FALSE"
"540","φ̔́Κκης","FALSE"
"541",",","TRUE"
"542","ψλόν","FALSE"
"543","υ","FALSE"
"544","κ","FALSE"
"545",".","TRUE"
"546","ι","FALSE"
"547","γρφὴ","FALSE"
"548","τοι","FALSE"
"549",";","TRUE"
"550","υμ̀","FALSE"
"551","ἱειιλιμ","FALSE"
"552",",","TRUE"
"553","ὡς","FALSE"
"554","μἰσιν","FALSE"
"555","ιὶ","FALSE"
"556","ᾠ","FALSE"
"557",",","TRUE"
"558","ρηρ","FALSE"
"559","κδιαἰ","FALSE"
"560","τοῦ","FALSE"
"561","λιβύ̔̀υ","FALSE"
"562","Λί","FALSE"
"563","ίφίτίνσΛί","FALSE"
"564",",","TRUE"
"565","κΰ","FALSE"
"566","στρονΟΜ","FALSE"
"567","νἳτσιφισιν","FALSE"
"568",".","TRUE"
"569","ἰκαοτος","FALSE"
"570","Τφ","FALSE"
"571","τῶν","FALSE"
"572","γίων","FALSE"
"573","κμ̀Λο","FALSE"
"574",",","TRUE"
"575","ιὶ","FALSE"
"576","τΙ","FALSE"
"577","ὑφοῦ","FALSE"
"578","ἠρθυ","FALSE"
"579",".","TRUE"
"580","ικ̀δ","FALSE"
"581","·","TRUE"
"582","ιυ","FALSE"
"583","τΐ•","FALSE"
"584","·","TRUE"
"585","̀π","FALSE"
"586","ιζτΥ","FALSE"
"587","ιἱἳμ","FALSE"
"588",",","TRUE"
"589","υς","FALSE"
"590",",","TRUE"
"591","καὶ","FALSE"
"592",";","TRUE"
"593","καλίΛ","FALSE"
"594","ὁ","FALSE"
"595",".","TRUE"
"596","κὼ","FALSE"
"597","ταλαιπωρία","FALSE"
"598","Οηρἰων","FALSE"
"599","τττοήσίΐ","FALSE"
"600","α","FALSE"
"601",",","TRUE"
"602","̔","FALSE"
"603","ἳρια","FALSE"
"604","τὸ̀","FALSE"
"605","π̔ρι","FALSE"
"606",",","TRUE"
"607","ικ̓́","FALSE"
"608","φησιγ","FALSE"
"609","ὡς","FALSE"
"610","τΓολι•","FALSE"
"611","τὺ","FALSE"
"612","ιἴγιαον","FALSE"
"613","\τ\ΐϊ","FALSE"
"614",".","TRUE"
"615","ἡ","FALSE"
"616","ὶν","FALSE"
"617","\\","TRUE"
"618","ἱν","FALSE"
"619","οἱ̓́","FALSE"
"620","πφ́","FALSE"
"621",",","TRUE"
"622","υσι","FALSE"
"623","·","TRUE"
"624","σ̓́","FALSE"
"625",",","TRUE"
"626","πτυιο","FALSE"
"627","ι","FALSE"
"628","ύ","FALSE"
"629",",","TRUE"
"630","ύστι","FALSE"
"631",".","TRUE"
"632","κὶ","FALSE"
"633","δλͅλν","FALSE"
"634","κιὶ","FALSE"
"635","ἰἱκι","FALSE"
"636","ιτΗψτα","FALSE"
"637",".","TRUE"
"638","ἱλͅλι","FALSE"
"639","ὺ","FALSE"
"640","όσβια","FALSE"
"641",",","TRUE"
"642","̔͂λλ","FALSE"
"643",".","TRUE"
"644","ἢν","FALSE"
"645","τΤ","FALSE"
"646","λιβἰ̔́","FALSE"
"647","πιίλΗ","FALSE"
"648","διι","FALSE"
"649","η","FALSE"
"650","ἰ","FALSE"
"651",".","TRUE"
"652","ιιιτι","FALSE"
"653",",","TRUE"
"654","ιιιν","FALSE"
"655","·","TRUE"
"656","τοῖς","FALSE"
"657","Τφ","FALSE"
"658","ἰ","FALSE"
"659","ηλοφς̓́","FALSE"
"660","τ","FALSE"
"661","·","TRUE"
"662","τορῶν","FALSE"
"663","πίφοίτνγ","FALSE"
"664","οἱ","FALSE"
"665","ἱιιιι","FALSE"
"666",",","TRUE"
"667","̓ι","FALSE"
"668",",","TRUE"
"669","ι","FALSE"
"670",",","TRUE"
"671","̔́","FALSE"
"672","ὡς","FALSE"
"673","ἱἱ","FALSE"
"674","ιμωτι","FALSE"
"675","ΟΛνιηψαχΗ","FALSE"
"676","δι","FALSE"
"677","φ̀","FALSE"
"678","ὁ","FALSE"
"679","ιάβω","FALSE"
"680",",","TRUE"
"681",",","TRUE"
"682","ς","FALSE"
"683","κἳλιπι","FALSE"
"684","τῆ","FALSE"
"685","ιφ̀̀́β","FALSE"
"686","·","TRUE"
"687","σιτΤ","FALSE"
"688","πιηδ","FALSE"
"689","ὶς","FALSE"
"690",",","TRUE"
"691","ὦί","FALSE"
"692","ΐΐτ","FALSE"
"693","̓ητΥ͂","FALSE"
"694","τώ","FALSE"
"695","ιμό̔́","FALSE"
"696","θηρία","FALSE"
"697","ιλιιπἀι","FALSE"
"698",",","TRUE"
"699",",","TRUE"
"700","ιιτν","FALSE"
"701",",","TRUE"
"702","ιιιττι","FALSE"
"703",",","TRUE"
"704","̓ιἱ","FALSE"
"705","̔λὸ","FALSE"
"706","·","TRUE"
"707","̓̀ιΡ","FALSE"
"708","ιφιιτ","FALSE"
"709",".","TRUE"
"710","ι","FALSE"
"711","α","FALSE"
"712","·","TRUE"
"713","ἱατα","FALSE"
"714","ν̔̀Ορόπων","FALSE"
"715","καὶ","FALSE"
"716","Ἰὰ","FALSE"
"717",".","TRUE"
"718","βεΙας","FALSE"
"719",",","TRUE"
"720","γΓ","FALSE"
"721","καὶ","FALSE"
"722","πὁλ","FALSE"
"723",".","TRUE"
"724","̔","FALSE"
"725","κα","FALSE"
"726","πάν","FALSE"
"727","ων","FALSE"
"728","τῶ","FALSE"
"729","κατοικοόων","FALSE"
"730","υ","FALSE"
"731","ατ̔̀η","FALSE"
"732",",","TRUE"
"733","λιν","FALSE"
"734","τΙ","FALSE"
"735","δ̓ιοιον","FALSE"
"736","τῆς","FALSE"
"737","τιμωρίας","FALSE"
"738","δίίκίησι","FALSE"
"739",",","TRUE"
"740","κὶ","FALSE"
"741","ὡς","FALSE"
"742","οζ̓́κ","FALSE"
"743","ἀλόγως","FALSE"
"744","ι","FALSE"
"745","ἀδίκως","FALSE"
"746","ιιι","FALSE"
"747","\","TRUE"
"748","λλι","FALSE"
"749","διό","FALSE"
"750","τΙ","FALSE"
"751","κὺ","FALSE"
"752","τùς","FALSE"
"753","ίλλι\","FALSE"
"754","ὺ","FALSE"
"755","τυϊϊ","FALSE"
"756","ΛοκτϋηΗϊ","FALSE"
"757","ιφμὁτ","FALSE"
"758","ὣ","FALSE"
"759","ἠτμὠμμν","FALSE"
"760",".","TRUE"
"761","κιιὶ","FALSE"
"762","τΙ","FALSE"
"763","τήρον","FALSE"
"764","τῆς","FALSE"
"765","τοῦ","FALSE"
"766","κη","FALSE"
"767",",","TRUE"
"768","ὠυ","FALSE"
"769","ὀρις","FALSE"
"770","γ̣ιον","FALSE"
"771",",","TRUE"
"772","καὶ","FALSE"
"773","εἰς","FALSE"
"774","ΐιτύ","FALSE"
"775","ἳρἰων","FALSE"
"776","τ̔̀̀ν","FALSE"
"777","ῥωμικῶν","FALSE"
"778","δηλοδὴ","FALSE"
"779","ατιτυ","FALSE"
"780",".","TRUE"
"781","μιτὤ","FALSE"
"782","̔̀ιιιἱν","FALSE"
"783",".","TRUE"
"784","ίΛ","FALSE"
"785","η\","FALSE"
"786","ἆ","FALSE"
"787",",","TRUE"
"788","τῶν","FALSE"
"789","πρφητῶν","FALSE"
"790",",","TRUE"
"791","κοὶ","FALSE"
"792","ηΓ•","FALSE"
"793","υρἱυ","FALSE"
"794","καὶ","FALSE"
"795","τ","FALSE"
"796",".","TRUE"
"797","ι","FALSE"
"798","τοὺ","FALSE"
"799","κμου","FALSE"
"800","μιιμσῶν","FALSE"
"801","·","TRUE"
"802",",","TRUE"
"803","γτφ́ισιν","FALSE"
"804","Τρ","FALSE"
"805","̔̀ι","FALSE"
"806","αὐτοὶ","FALSE"
"807","Κν","FALSE"
"808","λιγ̓λί","FALSE"
"809",",","TRUE"
"810","τι•","FALSE"
"811","ει","FALSE"
"812",".","TRUE"
"813","ι","FALSE"
"814","κκλησἰαν","FALSE"
"815",",","TRUE"
"816",",","TRUE"
"817","μς","FALSE"
"818","κοὶ","FALSE"
"819","γῆ","FALSE"
"820","·","TRUE"
"821","στι","FALSE"
"822","τοῦ","FALSE"
"823","Οε","FALSE"
"824",",","TRUE"
"825","ζ","FALSE"
"826","ἳι","FALSE"
"827","ὼις","FALSE"
"828","Κ","FALSE"
"829","φ̔̀ελι","FALSE"
"830","γλυπτὸν","FALSE"
"831",".","TRUE"
"832","ὅτι","FALSE"
"833","ἱΤλυ","FALSE"
"834","·","TRUE"
"835","ἄ","FALSE"
"836","αυτό","FALSE"
"837","ἰπλααν","FALSE"
"838","αδιὸ","FALSE"
"839","λωομα","FALSE"
"840",".","TRUE"
"841","φαντασίαν","FALSE"
"842","ψίυδή","FALSE"
"843",",","TRUE"
"844","ὅτι","FALSE"
"845","πΙποιὌ","FALSE"
"846","Ι","FALSE"
"847","πλάσας","FALSE"
"848","ἰ̔̀","FALSE"
"849","τΙ","FALSE"
"850","α","FALSE"
"851","αΙτοὺ","FALSE"
"852",",","TRUE"
"853","ἰοῦ","FALSE"
"854","ποιῆσαι","FALSE"
"855","ίΓδωλα","FALSE"
"856","κωφαὶ","FALSE"
"857","οἱ","FALSE"
"858","βφλω","FALSE"
"859","·","TRUE"
"860","ω","FALSE"
"861","τοῦ","FALSE"
"862","κ","FALSE"
"863","·","TRUE"
"864","ρου","FALSE"
"865","·","TRUE"
"866","στἰα","FALSE"
"867",".","TRUE"
"868","$","FALSE"
"869","πὶ","FALSE"
"870","τκΐ","FALSE"
"871","̓̓́ιοα","FALSE"
"872","κιΐΐ","FALSE"
"873",",","TRUE"
"874","μἰ̔ας","FALSE"
"875","•","TRUE"
"876","διὸ","FALSE"
"877","ἣ","FALSE"
"878","·","TRUE"
"879","ὁ","FALSE"
"880","αἴφνης","FALSE"
"881","η•","FALSE"
"882","ἰ","FALSE"
"883",",","TRUE"
"884","ἰἱτὠν","FALSE"
"885","αιτνύ•","FALSE"
"886",",","TRUE"
"887","οί","FALSE"
"888","ηΓ","FALSE"
"889","μ̀ν","FALSE"
"890","λἣ","FALSE"
"891",",","TRUE"
"892","υ","FALSE"
"893","Θοῦ","FALSE"
"894","̔̀Ιν","FALSE"
"895","κσρηοην","FALSE"
"896",",","TRUE"
"897","ἰρι","FALSE"
"898",",","TRUE"
"899","ι","FALSE"
"900","·","TRUE"
"901","ν","FALSE"
"902","ί","FALSE"
"903","εἰλ̓̀","FALSE"
"904",",","TRUE"
"905","Γοΰ","FALSE"
"906","μὴ","FALSE"
"907","δυ","FALSE"
"908","μ","FALSE"
"909",",","TRUE"
"910","̔̀ις","FALSE"
"911","ὺς","FALSE"
"912","ἐκ","FALSE"
"913","τώ•","FALSE"
"914","ειθιι","FALSE"
"915","ῥιασ̔̀ι","FALSE"
"916",".","TRUE"
"917","τ","FALSE"
"918",".","TRUE"
"919","ίώλων","FALSE"
"920","όιΓνί","FALSE"
"921","λ","FALSE"
"922","·","TRUE"
"923","μιλλιμ","FALSE"
"924","̔λͅης","FALSE"
"925","κατΫσκίίχιίτπΝ","FALSE"
"926","τώ","FALSE"
"927","μ","FALSE"
"928","κὶ","FALSE"
"929","λιιω","FALSE"
"930",",","TRUE"
"931","\ιματ","FALSE"
"932","μ","FALSE"
"933","·","TRUE"
"934","ντ","FALSE"
"935","̓́","FALSE"
"936","ίν","FALSE"
"937",",","TRUE"
"938","ίί","FALSE"
"939","καἰ","FALSE"
"940","Γ","FALSE"
"941","ν","FALSE"
"942","ἰιι","FALSE"
"943",",","TRUE"
"944","τκ","FALSE"
"945",",","TRUE"
"946","πιαν","FALSE"
"947","ιχον","FALSE"
"948","ψυ","FALSE"
"949",".","TRUE"
"950","τό","FALSE"
"951",".","TRUE"
"952","ηΓτ","FALSE"
"953","μίι","FALSE"
"954","γφ","FALSE"
"955","ητλήυι","FALSE"
"956","ἦσιν","FALSE"
"957","κοὶ","FALSE"
"958","ἵσω","FALSE"
"959",",","TRUE"
"960","μὴ","FALSE"
"961","οίΤιΐ","FALSE"
"962","ἅ","FALSE"
"963","ἱν","FALSE"
"964",",","TRUE"
"965","ἇ","FALSE"
"966","τ̔̀","FALSE"
"967","δ","FALSE"
"968","Β•λστ","FALSE"
"969","τιιφληὶ","FALSE"
"970","̔̀ι","FALSE"
"971","ὰλλοτμας","FALSE"
"972","ίνίοβν","FALSE"
"973","γμοιτα","FALSE"
"974",",","TRUE"
"975","πἰης","FALSE"
"976","ἢ","FALSE"
"977","κηροῦ","FALSE"
"978","η","FALSE"
"979",".","TRUE"
"980","φοὺ","FALSE"
"981","γλ","FALSE"
"982",",","TRUE"
"983","υ","FALSE"
"984","κὶ","FALSE"
"985","λωι","FALSE"
"986","γλιπ","FALSE"
"987","̀","FALSE"
"988","̔̀ι","FALSE"
"989","ν","FALSE"
"990","·","TRUE"
"991","λι","FALSE"
"992",",","TRUE"
"993","γλιπẃ","FALSE"
"994","κοὶ","FALSE"
"995","ιη","FALSE"
"996","ΐ","FALSE"
"997",";","TRUE"
"998","Α\","FALSE"
"999","τχί","FALSE"
"1000","ἰσ","FALSE"
"1001","δ","FALSE"
"1002","κο","FALSE"
"1003","ζ̀ωυφων","FALSE"
"1004","λιἴς","FALSE"
"1005","Λ","FALSE"
"1006","γλίττων","FALSE"
"1007","πλαοτῶν","FALSE"
"1008",",","TRUE"
"1009","ία","FALSE"
"1010","γρ","FALSE"
"1011","τῆς","FALSE"
"1012","τὸ","FALSE"
"1013","πωιμι","FALSE"
"1014","λφως","FALSE"
"1015","αμἴ̔λφ","FALSE"
"1016","τιι","FALSE"
"1017","οιτωσηποτ","FALSE"
"1018","κοὶ","FALSE"
"1019","ίξ","FALSE"
"1020","̔λ̔́ς","FALSE"
"1021","διια","FALSE"
"1022",",","TRUE"
"1023","τοιν","FALSE"
"1024","γἳφ","FALSE"
"1025",",","TRUE"
"1026","ε","FALSE"
"1027",".","TRUE"
"1028","ὤλα","FALSE"
"1029","ί","FALSE"
"1030","καὶ","FALSE"
"1031","τὸ","FALSE"
"1032","·","TRUE"
"1033","πλοσ̔","FALSE"
"1034","κοὶ","FALSE"
"1035","τὸ","FALSE"
"1036","πλσμα","FALSE"
"1037","το","FALSE"
"1038","̀υ","FALSE"
"1039","σημαἰκι","FALSE"
"1040",".","TRUE"
"1041","ώ","FALSE"
"1042","ιΓτ\Γ","FALSE"
"1043","λ̓̔ιων","FALSE"
"1044",".","TRUE"
"1045","ἱ","FALSE"
"1046",",","TRUE"
"1047","ιὺ","FALSE"
"1048","οιτ̀ο","FALSE"
"1049","πὢν","FALSE"
"1050","ὁ","FALSE"
"1051","ττλιίσιΐν","FALSE"
"1052","ἐπὶ","FALSE"
"1053","τὸ","FALSE"
"1054","πλάσμα","FALSE"
"1055",",","TRUE"
"1056","ἳι","FALSE"
"1057","δὰ","FALSE"
"1058","τοῦτο","FALSE"
"1059","ποιοῦσι","FALSE"
"1060","τὰ","FALSE"
"1061","εἴδωλα","FALSE"
"1062","·","TRUE"
"1063","ὅσῳ","FALSE"
"1064","πλείω","FALSE"
"1065","ποιήσουσι","FALSE"
"1066",",","TRUE"
"1067","τοσούτω","FALSE"
"1068","πλείονος","FALSE"
"1069","πλείονος","FALSE"
"1070","ἐπιτυχεῖν","FALSE"
"1071","οἰόμενοι","FALSE"
"1072",".","TRUE"
"1073","εἰπὼν","FALSE"
"1074","δὲ","FALSE"
"1075","φαντασίαν","FALSE"
"1076","προσέθηκε","FALSE"
"1077","κοὶ","FALSE"
"1078","τὸ","FALSE"
"1079","ψευδῆ","FALSE"
"1080",",","TRUE"
"1081","διότι","FALSE"
"1082","ἐστὶ","FALSE"
"1083","κοὶ","FALSE"
"1084","φαντασία","FALSE"
"1085","ἀληθὴς","FALSE"
"1086",",","TRUE"
"1087","ἤτοι","FALSE"
"1088","ὅταν","FALSE"
"1089","τις","FALSE"
"1090","τὰ","FALSE"
"1091","φανέντα","FALSE"
"1092","αὐτῷ","FALSE"
"1093","ἀναπολῇ","FALSE"
"1094","αὖθις","FALSE"
"1095","καθ","FALSE"
"1096","ἑαυτὸν","FALSE"
"1097","τοιαῦτα","FALSE"
"1098","οἷα","FALSE"
"1099","ἐφάνησαν","FALSE"
"1100",",","TRUE"
"1101","ἢ","FALSE"
"1102","φαντασίαν","FALSE"
"1103","οἶδεν","FALSE"
"1104","ἡ","FALSE"
"1105","γραφὴ","FALSE"
"1106","καὶ","FALSE"
"1107","τὴν","FALSE"
"1108","λαμπρότητα","FALSE"
"1109",".","TRUE"
"1110","ἐπεὶ","FALSE"
"1111","οὖν","FALSE"
"1112","πολλαὶ","FALSE"
"1113","λαμπρότητές","FALSE"
"1114","εἰσιν","FALSE"
"1115","ὑφεστῶσαι","FALSE"
"1116",",","TRUE"
"1117","ἅτε","FALSE"
"1118","κοὶ","FALSE"
"1119","πραγμάτων","FALSE"
"1120","οὖσαι","FALSE"
"1121","τοιούτων","FALSE"
"1122",",","TRUE"
"1123","ἡ","FALSE"
"1124","δὲ","FALSE"
"1125","τῶν","FALSE"
"1126","εἰδώλων","FALSE"
"1127","λαμπρότης","FALSE"
"1128","ἀνυπόστατός","FALSE"
"1129","ἐστιν","FALSE"
"1130","·","TRUE"
"1131","ἀνυποστάτων","FALSE"
"1132","διὸ","FALSE"
"1133","τοῦτο","FALSE"
"1134","φαντασίαν","FALSE"
"1135","εἴρηκε","FALSE"
"1136","ψευδῆ","FALSE"
"1137",".","TRUE"
"1138","οὐαὶ","FALSE"
"1139","ὁ","FALSE"
"1140","λέγων","FALSE"
"1141","τῷ","FALSE"
"1142","ξύλῳ","FALSE"
"1143","Ἔκνηψον","FALSE"
"1144",",","TRUE"
"1145","ἐγέρθητι","FALSE"
"1146",",","TRUE"
"1147","καὶ","FALSE"
"1148","τῷ","FALSE"
"1149","λίθῳ","FALSE"
"1150","῾Υψώθητι","FALSE"
"1151","·","TRUE"
"1152","καὶ","FALSE"
"1153","αὐτό","FALSE"
"1154","ἐστι","FALSE"
"1155","φαντασία","FALSE"
"1156",".","TRUE"
"1157","θρηνεῖ","FALSE"
"1158","τοὺς","FALSE"
"1159","ἐν","FALSE"
"1160","ταῖς","FALSE"
"1161","περιεχούσαις","FALSE"
"1162","συμφοραῖς","FALSE"
"1163","μὴ","FALSE"
"1164","ἐπὶ","FALSE"
"1165","τὸν","FALSE"
"1166","σῶσαι","FALSE"
"1167","δυνάμενον","FALSE"
"1168","καταφεύγοντας","FALSE"
"1169",",","TRUE"
"1170","ἀλλ","FALSE"
"1171","ἐπὶ","FALSE"
"1172","τὰ","FALSE"
"1173","ξύλινα","FALSE"
"1174","καὶ","FALSE"
"1175","λίθινα","FALSE"
"1176","εἴδωλα","FALSE"
"1177","τρέχοντας","FALSE"
"1178",",","TRUE"
"1179","καὶ","FALSE"
"1180","δεομένους","FALSE"
"1181",",","TRUE"
"1182","ἵνα","FALSE"
"1183","ὥπερ","FALSE"
"1184","ὑπνώττοντα","FALSE"
"1185","διεγερθῶσι","FALSE"
"1186","καὶ","FALSE"
"1187","ὑψωθῶσι","FALSE"
"1188","κατὰ","FALSE"
"1189","τῶν","FALSE"
"1190","ἐχθρῶν","FALSE"
"1191",",","TRUE"
"1192","τὴν","FALSE"
"1193","οἰκείαν","FALSE"
"1194","δύναμιν","FALSE"
"1195","ὑψηλὴν","FALSE"
"1196","κοὶ","FALSE"
"1197","ἀήττητον","FALSE"
"1198","δεικνῦντα","FALSE"
"1199",".","TRUE"
"1200","ὅρα","FALSE"
"1201","δὲ","FALSE"
"1202",",","TRUE"
"1203","πῶς","FALSE"
"1204","οὐκ","FALSE"
"1205","εἶπε","FALSE"
"1206","Ξύλινον","FALSE"
"1207","εἴδωλον","FALSE"
"1208","ἢ","FALSE"
"1209","λίθινον","FALSE"
"1210",",","TRUE"
"1211","ἀλλὰ","FALSE"
"1212","ξύλον","FALSE"
"1213","καὶ","FALSE"
"1214","λίθον","FALSE"
"1215","πρὸς","FALSE"
"1216","ἐντροπὴν","FALSE"
"1217","πλείω","FALSE"
"1218",".","TRUE"
"1219","εἰ","FALSE"
"1220","γὰρ","FALSE"
"1221","καὶ","FALSE"
"1222","εἶδος","FALSE"
"1223","ὦι","FALSE"
"1224","φησὶν","FALSE"
"1225","ἀνθρώπου","FALSE"
"1226",",","TRUE"
"1227","ἀλλ","FALSE"
"1228","δμὼς","FALSE"
"1229","ξύλον","FALSE"
"1230","μένει","FALSE"
"1231","καὶ","FALSE"
"1232","λίθος","FALSE"
"1233",".","TRUE"
"1234","τὸ","FALSE"
"1235","δὲ","FALSE"
"1236","εἶδος","FALSE"
"1237","ὃ","FALSE"
"1238","περιφέρει","FALSE"
"1239","φαντασία","FALSE"
"1240","ἐστι","FALSE"
"1241","·","TRUE"
"1242","ψεύδης","FALSE"
"1243","πάντως","FALSE"
"1244",",","TRUE"
"1245","ὥσπερ","FALSE"
"1246","προεῖπεν","FALSE"
"1247","·","TRUE"
"1248","οὐκ","FALSE"
"1249","ἔδει","FALSE"
"1250","γὰρ","FALSE"
"1251","διττολογῖν","FALSE"
"1252",".","TRUE"
"1253","τοῦτο","FALSE"
"1254","δἐ","FALSE"
"1255","ἐστιν","FALSE"
"1256","ἔλασμα","FALSE"
"1257","χρυσίου","FALSE"
"1258","ἢ","FALSE"
"1259","ἀργυρίου","FALSE"
"1260",".","TRUE"
"1261","ἀδιανύητον","FALSE"
"1262","φαίνεται","FALSE"
"1263","τὸ","FALSE"
"1264","ῥητόν","FALSE"
"1265","·","TRUE"
"1266","λίθον","FALSE"
"1267","γὰρ","FALSE"
"1268","εἰπὼν","FALSE"
"1269","καὶ","FALSE"
"1270","ξύλον","FALSE"
"1271",",","TRUE"
"1272","ἐπήγαγε","FALSE"
"1273","Τοῦτο","FALSE"
"1274","δέ","FALSE"
"1275","ἐστιν","FALSE"
"1276","ἔλασμα","FALSE"
"1277","χρυσίου","FALSE"
"1278","ἢ","FALSE"
"1279","ἀργυρίου","FALSE"
"1280",".","TRUE"
"1281","δρᾶ","FALSE"
"1282","οὖν","FALSE"
"1283","τὸ","FALSE"
"1284","ξύλον","FALSE"
"1285","καὶ","FALSE"
"1286","ὁ","FALSE"
"1287","λίθος","FALSE"
"1288","ἔλασμά","FALSE"
"1289","ἐστι","FALSE"
"1290","χρυσίου","FALSE"
"1291","ἢ","FALSE"
"1292","ἀργυρίου","FALSE"
"1293",";","TRUE"
"1294","οὐχὶ","FALSE"
"1295","·","TRUE"
"1296","ἀλλ","FALSE"
"1297","οὕτως","FALSE"
"1298","νόησον","FALSE"
"1299",".","TRUE"
"1300","τὰ","FALSE"
"1301","μὲν","FALSE"
"1302","εἰσὶ","FALSE"
"1303","ξύλα","FALSE"
"1304","καὶ","FALSE"
"1305","λίθοι","FALSE"
"1306",",","TRUE"
"1307","τοῦτο","FALSE"
"1308","δε","FALSE"
"1309","ἐστιν","FALSE"
"1310","ἔλασμα","FALSE"
"1311","·","TRUE"
"1312","ἀντὶ","FALSE"
"1313","τοῦ","FALSE"
"1314",",","TRUE"
"1315","ἄλλο","FALSE"
"1316","ἔστιν","FALSE"
"1317","ἔλασμα","FALSE"
"1318","χρυσοῦν","FALSE"
"1319","ἢ","FALSE"
"1320","ἀργυροῦν","FALSE"
"1321",".","TRUE"
"1322","καὶ","FALSE"
"1323","πᾶν","FALSE"
"1324","πνεῦμα","FALSE"
"1325","οὐκ","FALSE"
"1326","ἔστιν","FALSE"
"1327","ἐν","FALSE"
"1328","αὐτῷ","FALSE"
"1329",".","TRUE"
"1330","ἀντὶ","FALSE"
"1331","τοὺ","FALSE"
"1332",",","TRUE"
"1333","οὐδὲν","FALSE"
"1334","πνεῦμα","FALSE"
"1335","ἔστιν","FALSE"
"1336","ἐν","FALSE"
"1337","αὐτῷ","FALSE"
"1338",",","TRUE"
"1339","οὔτε","FALSE"
"1340","τὸ","FALSE"
"1341","φυσικὸν","FALSE"
"1342",",","TRUE"
"1343","οὔτε","FALSE"
"1344","τὸ","FALSE"
"1345","αἰσθητικὸν","FALSE"
"1346",",","TRUE"
"1347","οὔτε","FALSE"
"1348","τὸ","FALSE"
"1349","λογικόν","FALSE"
"1350",".","TRUE"
"1351","ὁ","FALSE"
"1352","δὲ","FALSE"
"1353","κύριος","FALSE"
"1354","ἐν","FALSE"
"1355","ναῷ","FALSE"
"1356","ἀτίω","FALSE"
"1357","αὐτοῦ","FALSE"
"1358","·","TRUE"
"1359","εὐλαβείσθω","FALSE"
"1360","ἀπὸ","FALSE"
"1361","προσώπου","FALSE"
"1362","αὐτοῦ","FALSE"
"1363","πᾶσα","FALSE"
"1364","ἡ","FALSE"
"1365","γῆ","FALSE"
"1366",".","TRUE"
"1367","τὰ","FALSE"
"1368","μὲν","FALSE"
"1369","εἴδωλά","FALSE"
"1370","φησι","FALSE"
"1371","κωφὰ","FALSE"
"1372","καὶ","FALSE"
"1373","ἀσθενῆ","FALSE"
"1374","καὶ","FALSE"
"1375","μηδένα","FALSE"
"1376","ὠφελῆσαι","FALSE"
"1377","δυνάμενα","FALSE"
"1378","·","TRUE"
"1379","ὁ","FALSE"
"1380","δὲ","FALSE"
"1381","κύριος","FALSE"
"1382","ὦι","FALSE"
"1383","μὲν","FALSE"
"1384","οἷόν","FALSE"
"1385","τινα","FALSE"
"1386","ναὸν","FALSE"
"1387",",","TRUE"
"1388","τὸν","FALSE"
"1389","οὐρανὸν","FALSE"
"1390",",","TRUE"
"1391","καὶ","FALSE"
"1392","ἐν","FALSE"
"1393","ἐκείνῳ","FALSE"
"1394","κατοικεῖ","FALSE"
"1395",",","TRUE"
"1396","ὡς","FALSE"
"1397","ἁγίῳ","FALSE"
"1398",",","TRUE"
"1399","ἅγιος","FALSE"
"1400",".","TRUE"
"1401","κατοικεῖ","FALSE"
"1402","δὲ","FALSE"
"1403","κοί","FALSE"
"1404","τὸν","FALSE"
"1405","ἐν","FALSE"
"1406","ἱερουσαλὴμ","FALSE"
"1407","ναὸν","FALSE"
"1408",",","TRUE"
"1409","ὃν","FALSE"
"1410","ὁ","FALSE"
"1411","ἐπὶ","FALSE"
"1412","τοῖς","FALSE"
"1413","εἰδώλοις","FALSE"
"1414","πεποιθὼς","FALSE"
"1415","ἐνέπρησεν","FALSE"
"1416",",","TRUE"
"1417","ὑπὲρ","FALSE"
"1418","οὗ","FALSE"
"1419","κοὶ","FALSE"
"1420","δίκας","FALSE"
"1421","δώσει","FALSE"
"1422",".","TRUE"
"1423","εἰ","FALSE"
"1424","δὲ","FALSE"
"1425","ἐν","FALSE"
"1426","οὐρανῷ","FALSE"
"1427","κατοικεῖ","FALSE"
"1428",",","TRUE"
"1429","πᾶσα","FALSE"
"1430","ἡ","FALSE"
"1431","γῆ","FALSE"
"1432","εὐλαβείσθω","FALSE"
"1433","τὸ","FALSE"
"1434","πρόσωπον","FALSE"
"1435","αὐτοῦ","FALSE"
"1436",",","TRUE"
"1437","τουτέστι","FALSE"
"1438",",","TRUE"
"1439","τὴν","FALSE"
"1440","ἐπιστασίαν","FALSE"
"1441","αὐτοῦ","FALSE"
"1442","κοὶ","FALSE"
"1443","ἐπίσκεψιν","FALSE"
"1444","τῶν","FALSE"
"1445","ἡμετέρων","FALSE"
"1446","ἔργων","FALSE"
"1447",".","TRUE"
"1448","καὶ","FALSE"
"1449","μηδεὶς","FALSE"
"1450","καταφρονείτω","FALSE"
"1451","μηδὲ","FALSE"
"1452","ἀλαζονευέσθω","FALSE"
"1453",",","TRUE"
"1454","πρὸς","FALSE"
"1455","τὰ","FALSE"
"1456","τῷ","FALSE"
"1457","βοβυλωνίῳ","FALSE"
"1458","συμβεβηκότα","FALSE"
"1459","ἀφορῶν","FALSE"
"1460",".","TRUE"
"1461","ναὸς","FALSE"
"1462","τοῦ","FALSE"
"1463","κυρίου","FALSE"
"1464","κοὶ","FALSE"
"1465","τὸ","FALSE"
"1466","σῶμα","FALSE"
"1467",",","TRUE"
"1468","ὃ","FALSE"
"1469","ἐκ","FALSE"
"1470","τῆς","FALSE"
"1471","ἁγίας","FALSE"
"1472","παρθένου","FALSE"
"1473","ἑαυτῷ","FALSE"
"1474","συνέπηξεν","FALSE"
"1475",",","TRUE"
"1476","ὃν","FALSE"
"1477","καὶ","FALSE"
"1478","νῦν","FALSE"
"1479","κατοικεῖ","FALSE"
"1480",".","TRUE"
"1481","πάντες","FALSE"
"1482","οὖν","FALSE"
"1483","οἱ","FALSE"
"1484","τὰ","FALSE"
"1485","τῆς","FALSE"
"1486","γῆς","FALSE"
"1487","φρονοῦντες","FALSE"
"1488","εὐλαβείσθωσαν","FALSE"
"1489","ἀπὸ","FALSE"
"1490","τοῦ","FALSE"
"1491","προσώπου","FALSE"
"1492","αὐτοῦ","FALSE"
"1493","·","TRUE"
"1494","τῆς","FALSE"
"1495","δευτέρας","FALSE"
"1496","φημὶ","FALSE"
"1497","παρουσίας","FALSE"
"1498",",","TRUE"
"1499","ὅτε","FALSE"
"1500","ἦξει","FALSE"
"1501","ἐπισκέψασθαι","FALSE"
"1502","τὰ","FALSE"
"1503","ἡμέτερα","FALSE"
"1504","φοβερώτερον","FALSE"
"1505",",","TRUE"
"1506","οὐχὶ","FALSE"
"1507","διορθώσασθαι","FALSE"
"1508",".","TRUE"
