"ID","TOKEN","IS_STOP"
"1",".","FALSE"
"2","Πλούσιος","FALSE"
"3","ἀριστεύσας","FALSE"
"4","ᾔτησεν","FALSE"
"5","εἰς","TRUE"
"6","τὴν","TRUE"
"7","δωρεὰν","FALSE"
"8","τοὺς","TRUE"
"9","φυγάδας","FALSE"
"10","ἐπανελθεῖν","FALSE"
"11",".","FALSE"
"12","αὖθις","FALSE"
"13","ἀριστεύσας","FALSE"
"14","ᾔτησε","FALSE"
"15","τοὺς","TRUE"
"16","ἀτίμους","FALSE"
"17","ἐντίμους","FALSE"
"18","γενέσθαι","FALSE"
"19",".","FALSE"
"20","τρίτον","FALSE"
"21","ἀριστεύσας","FALSE"
"22","καὶ","TRUE"
"23","δεσμωτῶν","FALSE"
"24","αἰτησάμενος","FALSE"
"25","λύσιν","FALSE"
"26","τυραννίδος","FALSE"
"27","ἐπιθέσεως","FALSE"
"28","ὑπὸ","TRUE"
"29","ῥήτορος","FALSE"
"30","κρίνεται","FALSE"
"31",".","FALSE"
"32","Μελετῶμεν","FALSE"
"33","τὸν","TRUE"
"34","φεύγοντα","FALSE"
"35",".","FALSE"
"36","ὁ","TRUE"
"37","μὲν","TRUE"
"38","εὐσεβής","FALSE"
"39",",","FALSE"
"40","ὦ","TRUE"
"41","δικασταί","FALSE"
"42",",","FALSE"
"43","καὶ","TRUE"
"44","φιλάνθρω","FALSE"
"45","πος","FALSE"
"46","δῆμος","FALSE"
"47","ἀμφότερά","FALSE"
"48","μου","TRUE"
"49","θαυμάζει","FALSE"
"50","καὶ","TRUE"
"51","δικαίως","FALSE"
"52","τήν","TRUE"
"53","τε","TRUE"
"54","κατὰ","TRUE"
"55","τῶν","TRUE"
"56","πολεμίων","FALSE"
"57","ἀνδρίαν","FALSE"
"58","καὶ","TRUE"
"59","τὴν","TRUE"
"60","ὑπὲρ","TRUE"
"61","τῶν","TRUE"
"62","ἀτυ","FALSE"
"63","χούντων","FALSE"
"64","ἐπαγγελίαν","FALSE"
"65",".","FALSE"
"66","οὐ","TRUE"
"67","γὰρ","TRUE"
"68","κακίας","FALSE"
"69","τὴν","TRUE"
"70","αἴτησιν","FALSE"
"71","ἐ̓λεγ","FALSE"
"72","χον","FALSE"
"73",",","FALSE"
"74","ἀλλ","FALSE"
"75","ἀρετῆς","FALSE"
"76","ἐπίδειξιν","FALSE"
"77","ἔκρινεν","FALSE"
"78",".","FALSE"
"79","ὅθεν","FALSE"
"80","αἰτοῦντος","FALSE"
"81","ἤκουε","FALSE"
"82","μὲν","TRUE"
"83","εὐμενῶς","FALSE"
"84",",","FALSE"
"85","ἐδίδου","FALSE"
"86","δὲ","TRUE"
"87","ἀνυπόπτως","FALSE"
"88","τὴν","TRUE"
"89","χάριν","FALSE"
"90","καὶ","TRUE"
"91","προθυμότερος","FALSE"
"92","τοῦ","TRUE"
"93","λαμβάνοντος","FALSE"
"94","ἦν","TRUE"
"95","τὴν","TRUE"
"96","ἐκ","TRUE"
"97","τοῦ","TRUE"
"98","πράγματος","FALSE"
"99","ὠφέλειαν","FALSE"
"100","κρίνων","FALSE"
"101",".","FALSE"
"102","ἐπειδὴ","FALSE"
"103","δ","FALSE"
"104","ὁ","TRUE"
"105","σοφὸς","FALSE"
"106","οὗτος","TRUE"
"107","καὶ","TRUE"
"108","τῷ","TRUE"
"109","λόγῳ","FALSE"
"110","δημοτικὸς","FALSE"
"111","κατηγορεῖ","FALSE"
"112","μὲν","TRUE"
"113","ἐμοῦ","TRUE"
"114",",","FALSE"
"115","φθονεῖ","FALSE"
"116","δὲ","TRUE"
"117","τοῖς","TRUE"
"118","εὐτυχοῦσι","FALSE"
"119",",","FALSE"
"120","μισεῖ","FALSE"
"121","δὲ","TRUE"
"122","τὴν","TRUE"
"123","ὁμόνοιαν","FALSE"
"124","καὶ","TRUE"
"125","τυραν","FALSE"
"126","νίδος","FALSE"
"127","ὑποψίαν","FALSE"
"128","ἐμβάλλει","FALSE"
"129","κατὰ","TRUE"
"130","τοῦ","TRUE"
"131","τοσαύτην","FALSE"
"132","τῆς","TRUE"
"133","ψυχῆς","FALSE"
"134","δεδωκότος","FALSE"
"135","τὴν","TRUE"
"136","πεῖραν","FALSE"
"137",",","FALSE"
"138","ἓν","FALSE"
"139","ἔτι","TRUE"
"140","μοι","TRUE"
"141","λείπεται","FALSE"
"142","πρὸς","TRUE"
"143","τὴν","TRUE"
"144","τῆς","TRUE"
"145","ἀριστείας","FALSE"
"146","ἀμοιβήν","FALSE"
"147",",","FALSE"
"148","ψῆφος","FALSE"
"149","δικαστῶν","FALSE"
"150","ἀκριβὴς","FALSE"
"151","οἷος","FALSE"
"152","ἔσομαι","TRUE"
"153","πολίτης","FALSE"
"154","ἐξ","TRUE"
"155","ὧν","TRUE"
"156","περὶ","TRUE"
"157","τοὺς","TRUE"
"158","κινδύνους","FALSE"
"159","ἐγενόμην","FALSE"
"160","ἀναζητοῦσα","FALSE"
"161","καὶ","TRUE"
"162","τοσοῦτον","FALSE"
"163","τοὺς","TRUE"
"164","συκοφάντας","FALSE"
"165","μι","FALSE"
"166","σοῦσα","FALSE"
"167","ῥήτορας","FALSE"
"168","ὅσον","FALSE"
"169","ἐγὼ","TRUE"
"170","τοὺς","TRUE"
"171","ἀλιτηρίους","FALSE"
"172","ἀποστρέφο","FALSE"
"173","μαι","FALSE"
"174","δυσμενεῖς","FALSE"
"175",".","FALSE"
"176","Ὁ","TRUE"
"177","μὲν","TRUE"
"178","οὖν","TRUE"
"179","κατήγορος","FALSE"
"180","μόνοις","FALSE"
"181","ἀεί","FALSE"
"182","με","TRUE"
"183","σχολάζοντα","FALSE"
"184","τοῖς","TRUE"
"185","ὅπλοις","FALSE"
"186","εἰδὼς","FALSE"
"187","καὶ","TRUE"
"188","γραφὰς","FALSE"
"189","οὔτε","TRUE"
"190","γραψάμενον","FALSE"
"191","οὔτε","TRUE"
"192","φυγόντα","FALSE"
"193","πώποτε","FALSE"
"194","μεγάλαις","FALSE"
"195","ἥκει","FALSE"
"196","τὸν","TRUE"
"197","νοῦν","FALSE"
"198","ἀναρτήσας","FALSE"
"199","ἐλπίσι","FALSE"
"200","καὶ","TRUE"
"201","νικᾶν","FALSE"
"202","σοφιζόμενος","FALSE"
"203","οἴεται","FALSE"
"204","πάντως","FALSE"
"205","ὃν","TRUE"
"206","οὐδὲ","TRUE"
"207","μιμεῖσθαι","FALSE"
"208","μαχόμενος","FALSE"
"209","ἤθελεν","FALSE"
"210",".","FALSE"
"211","ἐγὼ","TRUE"
"212","δὲ","TRUE"
"213","βῆμα","FALSE"
"214","καὶ","TRUE"
"215","δικαστὰς","FALSE"
"216","ἄρτι","FALSE"
"217","πρῶτον","FALSE"
"218","ἰδὼν","FALSE"
"219","μᾶλλον","FALSE"
"220","ἢ","TRUE"
"221","οὗτος","TRUE"
"222","τεθάρρηκα","FALSE"
"223",".","FALSE"
"224","εἰ","TRUE"
"225","μὲν","TRUE"
"226","γὰρ","TRUE"
"227","ἕτεροι","FALSE"
"228","μὲν","TRUE"
"229","οἱ","TRUE"
"230","τότε","FALSE"
"231","τιμήσαντες","FALSE"
"232",",","FALSE"
"233","ἄλλοι","TRUE"
"234","δὲ","TRUE"
"235","οἱ","TRUE"
"236","νῦν","FALSE"
"237","δικάζοντες","FALSE"
"238","ἦσαν","TRUE"
"239","καὶ","TRUE"
"240","οὔτε","TRUE"
"241","τῆς","TRUE"
"242","δι","FALSE"
"243","ἡμᾶς","TRUE"
"244","ἀσφαλείας","FALSE"
"245","οὔτε","TRUE"
"246","τῆς","TRUE"
"247","εἰς","TRUE"
"248","ἐμὲ","TRUE"
"249","μετείχετε","FALSE"
"250","ψήφου","FALSE"
"251",".","FALSE"
"252",",","FALSE"
"253","εἰκότως","FALSE"
"254","ἂν","TRUE"
"255","εὐλα","FALSE"
"256","βούμην","FALSE"
"257","μὴ","TRUE"
"258","μελέτην","FALSE"
"259","οὗτος","TRUE"
"260","καὶ","TRUE"
"261","βίον","FALSE"
"262","ἔχων","FALSE"
"263","τὰ","TRUE"
"264","δικαστήρια","FALSE"
"265","περιέσται","FALSE"
"266","ῥᾳδίως","FALSE"
"267","τοῦ","TRUE"
"268","μηδὲν","FALSE"
"269","ἕτερον","FALSE"
"270","τέως","FALSE"
"271","ἢ","TRUE"
"272","πολεμίους","FALSE"
"273","νικᾶν","FALSE"
"274","ἐγνωκότος","FALSE"
"275","·","FALSE"
"276","ἐπειδὴ","FALSE"
"277","δὲ","TRUE"
"278","μέρος","FALSE"
"279","ὑμεῖς","TRUE"
"280","μοι","TRUE"
"281","τοῦ","TRUE"
"282","τετι","FALSE"
"283","μηκότος","FALSE"
"284","γεγόνατε","FALSE"
"285","δήμου","FALSE"
"286","καὶ","TRUE"
"287","τὰς","TRUE"
"288","ἐμὰς","TRUE"
"289","ἀεὶ","FALSE"
"290","μετὰ","TRUE"
"291","τῶν","TRUE"
"292","ἄλλων","TRUE"
"293","ᾄδετε","FALSE"
"294","νίκας","FALSE"
"295",",","FALSE"
"296","οὐκ","TRUE"
"297","εὐλαβοῦμαι","FALSE"
"298","τοῦ","TRUE"
"299","κατηγόρου","FALSE"
"300","τὴν","TRUE"
"301","τέχνην","FALSE"
"302",",","FALSE"
"303","οὐ","TRUE"
"304","δέδοικα","FALSE"
"305","γλῶτταν","FALSE"
"306","γενναίαν","FALSE"
"307","ψευδεῖς","FALSE"
"308","ἔχουσαν","FALSE"
"309","λογισμούς","FALSE"
"310",".","FALSE"
"311","Οἱ","TRUE"
"312","μὲν","TRUE"
"313","οὖν","TRUE"
"314","ἄλλοι","TRUE"
"315","τῶν","TRUE"
"316","ἀριστέων","FALSE"
"317","σιτήσεως","FALSE"
"318","τυχεῖν","FALSE"
"319","ἢ","TRUE"
"320","ἀτελείας","FALSE"
"321","δεόμενοι","FALSE"
"322","ἑαυτούς","TRUE"
"323",",","FALSE"
"324","οὐ","TRUE"
"325","τὴν","TRUE"
"326","παρέχουσαν","FALSE"
"327","ὠφε","FALSE"
"328","λεῖν","FALSE"
"329","σπουδάζουσι","FALSE"
"330","πόλιν","FALSE"
"331","καὶ","TRUE"
"332","μόνοι","FALSE"
"333","τοῦ","TRUE"
"334","γέρως","FALSE"
"335","ἀπολαύ","FALSE"
"336","ουσιν","FALSE"
"337","ὡς","TRUE"
"338","μόνοι","FALSE"
"339","τῶν","TRUE"
"340","δεινῶν","FALSE"
"341","μετασχόντες","FALSE"
"342","κινδύνων","FALSE"
"343","·","FALSE"
"344","ἐγὼ","TRUE"
"345","δὲ","TRUE"
"346","τοὺς","TRUE"
"347","ταῦτα","TRUE"
"348","ποιοῦντας","FALSE"
"349","οὐκ","TRUE"
"350","αἰτιώμενος","FALSE"
"351","ἑτέραν","FALSE"
"352","ἐτράπην","FALSE"
"353","καὶ","TRUE"
"354","δωρεὰς","FALSE"
"355","ᾔτουν","FALSE"
"356",",","FALSE"
"357","ἐξ","TRUE"
"358","ὧν","TRUE"
"359","ἐμοὶ","TRUE"
"360","μὲν","TRUE"
"361","ἔχειν","FALSE"
"362","οὐδὲν","TRUE"
"363","ἐγίνετο","FALSE"
"364","πλέον","FALSE"
"365",",","FALSE"
"366","οἶ","FALSE"
"367","δὲ","TRUE"
"368","ἀτυχοῦντες","FALSE"
"369","εὐδαιμόνουν","FALSE"
"370","πολῖται","FALSE"
"371",",","FALSE"
"372","καλὸν","FALSE"
"373","εἶναι","TRUE"
"374","νομίζων","FALSE"
"375","καὶ","TRUE"
"376","τοῖς","TRUE"
"377","ἡμετέροις","FALSE"
"378","ἤθεσι","FALSE"
"379","πρέπον","FALSE"
"380","τοὺς","TRUE"
"381","παρὰ","TRUE"
"382","τὴν","TRUE"
"383","μάχην","FALSE"
"384","γενναίους","FALSE"
"385","μεγαλόφρονας","FALSE"
"386","παρὰ","TRUE"
"387","τὸν","TRUE"
"388","τῆς","TRUE"
"389","εἰρήνης","FALSE"
"390","εἶναι","TRUE"
"391","καιρὸν","FALSE"
"392","καὶ","TRUE"
"393","τοὺς","TRUE"
"394","πολλῶν","FALSE"
"395","ἡμᾶς","TRUE"
"396","ἀπαλλάξαντας","FALSE"
"397","κινδύνων","FALSE"
"398","τοὺς","TRUE"
"399","ἰδία","FALSE"
"400","πταίσαντας","FALSE"
"401","ἐπ","FALSE"
"402","ανορθοῦσθαι","FALSE"
"403","πολίτας","FALSE"
"404",".","FALSE"
"405","παντὸς","FALSE"
"406","μὲν","TRUE"
"407","οὖν","TRUE"
"408","διὰ","TRUE"
"409","ταῦτα","TRUE"
"410","κατε","FALSE"
"411","φρόνησα","FALSE"
"412","κέρδους","FALSE"
"413","καὶ","TRUE"
"414","οὐ","TRUE"
"415","μεταμέλει","FALSE"
"416","μοι","TRUE"
"417","τῆς","TRUE"
"418","εὐβουλίας","FALSE"
"419",",","FALSE"
"420","περιέστησε","FALSE"
"421","δέ","TRUE"
"422","μοι","TRUE"
"423","τὸ","TRUE"
"424","πρᾶγμα","FALSE"
"425","συκοφάντης","FALSE"
"426","ἄνθρωπος","FALSE"
"427","καὶ","TRUE"
"428","κακίας","FALSE"
"429","ἔλεγχον","FALSE"
"430","ποιεῖται","FALSE"
"431","τὰ","TRUE"
"432","φιλανθρωπίας","FALSE"
"433","γενόμενα","FALSE"
"434","χάριν","FALSE"
"435",".","FALSE"
"436","Ἐβουλόμην","FALSE"
"437","μὲν","TRUE"
"438","οὖν","TRUE"
"439","μήτε","FALSE"
"440","τῶν","TRUE"
"441","τῆς","TRUE"
"442","πόλεως","FALSE"
"443","ἔτι","TRUE"
"444","μνησθῆναι","FALSE"
"445","κακῶν","FALSE"
"446","μήτε","FALSE"
"447","τοῖς","TRUE"
"448","εὖ","FALSE"
"449","παθοῦσιν","FALSE"
"450","ὀνειδίσαι","FALSE"
"451","τὴν","TRUE"
"452","χάριν","FALSE"
"453","μικροψύχου","FALSE"
"454","νομίζων","FALSE"
"455","ἀνδρὸς","FALSE"
"456","εἶναι","TRUE"
"457","καὶ","TRUE"
"458","ἀπει","FALSE"
"459","ροκάλου","FALSE"
"460","τὸ","TRUE"
"461","πρᾶγμα","FALSE"
"462","·","FALSE"
"463","νῦν","FALSE"
"464","δὲ","TRUE"
"465","ἡ","TRUE"
"466","πονηρὰ","FALSE"
"467","τούτου","TRUE"
"468","βουλὴ","FALSE"
"469","καὶ","TRUE"
"470","ἡ","TRUE"
"471","παράδοξος","FALSE"
"472","κατ","FALSE"
"473","ἐμοῦ","TRUE"
"474","τῆς","TRUE"
"475","τυραννίδος","FALSE"
"476","γραφὴ","FALSE"
"477","ἀναγκάζει","FALSE"
"478","με","TRUE"
"479","συντόμως","FALSE"
"480","τά","TRUE"
"481","τε","TRUE"
"482","περὶ","TRUE"
"483","τὸν","TRUE"
"484","πόλεμον","FALSE"
"485","ὅπως","FALSE"
"486","εἶχεν","FALSE"
"487","εἰπεῖν","FALSE"
"488","καὶ","TRUE"
"489","μεθ","FALSE"
"490","ἧς","TRUE"
"491","ταῦτα","TRUE"
"492","ᾔτουν","FALSE"
"493","διηγήσασθαι","FALSE"
"494","γνώμης","FALSE"
"495",".","FALSE"
"496","ἔχει","FALSE"
"497","γὰρ","TRUE"
"498","οὕτως","TRUE"
"499",".","FALSE"
"500","Παλαί","FALSE"
"501","παρ","FALSE"
"502","ἡμῖν","TRUE"
"503",",","FALSE"
"504","ὦ","TRUE"
"505","δικασταί","FALSE"
"506",",","FALSE"
"507","φορὰ","FALSE"
"508","πονηρῶν","FALSE"
"509","καὶ","TRUE"
"510","δωροδόκων","FALSE"
"511","καὶ","TRUE"
"512","οἷος","FALSE"
"513","οὗτος","TRUE"
"514","γέγονε","FALSE"
"515","ῥητόρων","FALSE"
"516","οἳ","TRUE"
"517","μικρὰς","FALSE"
"518","ἔχοντες","FALSE"
"519","κατὰ","TRUE"
"520","τῶν","TRUE"
"521","πολιτῶν","FALSE"
"522","ἀφορμὰς","FALSE"
"523","εἰς","TRUE"
"524","ὕψος","FALSE"
"525","τὰς","TRUE"
"526","αἰτίας","FALSE"
"527","ἦγον","FALSE"
"528",",","FALSE"
"529","θορύβου","FALSE"
"530","δὲ","TRUE"
"531","καὶ","TRUE"
"532","κραυγῆς","FALSE"
"533","ἀεὶ","FALSE"
"534","τὰς","TRUE"
"535","ἐκ","TRUE"
"536","κλησίας","FALSE"
"537","πληροῦντες","FALSE"
"538","τῶν","TRUE"
"539","ὁρίων","FALSE"
"540","ἐλαύνειν","FALSE"
"541","ἔξω","FALSE"
"542","τὸν","TRUE"
"543","δῆ","FALSE"
"544","μον","FALSE"
"545","τοὺς","TRUE"
"546","οὐδὲν","TRUE"
"547","ἢ","TRUE"
"548","μικρὸν","FALSE"
"549","λυπήσαντας","FALSE"
"550","ἔπειθον","FALSE"
"551","τῇ","TRUE"
"552","τῶν","TRUE"
"553","κρειττόνων","FALSE"
"554","μεταστάσει","FALSE"
"555","τὰς","TRUE"
"556","πρώτας","FALSE"
"557","ἔχειν","FALSE"
"558","αὐτοὶ","TRUE"
"559","τιμὰς","FALSE"
"560","τῆς","TRUE"
"561","πολιτείας","FALSE"
"562","ἐλπίζοντες","FALSE"
"563",".","FALSE"
"564","ὧς","TRUE"
"565","δὲ","TRUE"
"566","οἱ","TRUE"
"567","μὲν","TRUE"
"568","τοὺς","TRUE"
"569","γενναίους","FALSE"
"570","καὶ","TRUE"
"571","μεγαλόφρονας","FALSE"
"572","ἤλαυνον","FALSE"
"573","πολίτας","FALSE"
"574",",","FALSE"
"575","ἐκηρύττετο","FALSE"
"576","δὲ","TRUE"
"577","τοῖς","TRUE"
"578","πολεμίοις","FALSE"
"579","τὸ","TRUE"
"580","πρᾶγμα","FALSE"
"581",",","FALSE"
"582","ἐλάνθανε","FALSE"
"583","δὲ","TRUE"
"584","αὐτοὺς","TRUE"
"585","τῶν","TRUE"
"586","γινομένων","FALSE"
"587","οὐδέν","TRUE"
"588",",","FALSE"
"589","τότε","FALSE"
"590","πρῶτον","FALSE"
"591","μεγάλας","FALSE"
"592","κατὰ","TRUE"
"593","τῆς","TRUE"
"594","πό","FALSE"
"595","λεως","FALSE"
"596","ἔσχον","FALSE"
"597","ἐλπίδας","FALSE"
"598",",","FALSE"
"599","ὅτε","FALSE"
"600","τοὺς","TRUE"
"601","ἀμύνοντας","FALSE"
"602","οὐκ","TRUE"
"603","εἶχεν","FALSE"
"604","ὁ","TRUE"
"605","δῆμος","FALSE"
"606",",","FALSE"
"607","ὅτε","FALSE"
"608","τῶν","TRUE"
"609","διωκόντων","FALSE"
"610","πλείους","FALSE"
"611","ἦσαν","TRUE"
"612","οἱ","TRUE"
"613","φεύγοντες","FALSE"
"614",".","FALSE"
"615","ἐπέρρωσε","FALSE"
"616","μὲν","TRUE"
"617","οὖν","TRUE"
"618","τοὺς","TRUE"
"619","δυσμενεῖς","FALSE"
"620","ἡ","TRUE"
"621","μεγάλη","FALSE"
"622","τῆς","TRUE"
"623","πόλεως","FALSE"
"624","ἄνοια","FALSE"
"625","τῇ","TRUE"
"626","πολλῇ","FALSE"
"627","τῶν","TRUE"
"628","φυγάδων","FALSE"
"629","ἐρημίᾳ","FALSE"
"630","κατα","FALSE"
"631","φρονεῖσθαι","FALSE"
"632","τοὺς","TRUE"
"633","λειπομένους","FALSE"
"634","ποιοῦσα","FALSE"
"635",",","FALSE"
"636","ὡς","TRUE"
"637","δὲ","TRUE"
"638","οἱ","TRUE"
"639","μὲν","TRUE"
"640","κατελθεῖν","FALSE"
"641","διὰ","TRUE"
"642","τοὺς","TRUE"
"643","ἔνδον","FALSE"
"644","συκοφάντας","FALSE"
"645","κατέδεισαν","FALSE"
"646",",","FALSE"
"647","οἱ","TRUE"
"648","δὲ","TRUE"
"649","ἐξελθεῖν","FALSE"
"650","διὰ","TRUE"
"651","τοὺς","TRUE"
"652","περικαθημένους","FALSE"
"653","ἔφριττον","FALSE"
"654","δυσμε","FALSE"
"655","νεῖς","FALSE"
"656",",","FALSE"
"657","πρῶτος","FALSE"
"658","τῶν","TRUE"
"659","πολιτῶν","FALSE"
"660","ὡπλιζόμην","FALSE"
"661","καὶ","TRUE"
"662","τοῖς","TRUE"
"663","πολλοῖς","FALSE"
"664","ἀρετῆς","FALSE"
"665","ἐφάνην","FALSE"
"666","εἰκών","FALSE"
"667",".","FALSE"
"668","συρραξάντων","FALSE"
"669","δὲ","TRUE"
"670","ἡμῶν","TRUE"
"671","τοῖς","TRUE"
"672","ἐπελθοῦσιν","FALSE"
"673","ἀσπὶς","FALSE"
"674","μὲν","TRUE"
"675","τέως","FALSE"
"676","ἀντέκρουεν","FALSE"
"677","ἀσπίδι","FALSE"
"678",",","FALSE"
"679","χρησι","FALSE"
"680","μώτερα","FALSE"
"681","δὲ","TRUE"
"682","ἡμῖν","TRUE"
"683","τῶν","TRUE"
"684","βελῶν","FALSE"
"685","ἦσαν","TRUE"
"686","τὰ","TRUE"
"687","ξίφη","FALSE"
"688",".","FALSE"
"689","καὶ","TRUE"
"690","πολ","FALSE"
"691","λακὶς","FALSE"
"692","μὲν","TRUE"
"693","αὐτοὶ","TRUE"
"694","παρ","FALSE"
"695","ἡμῶν","TRUE"
"696",",","FALSE"
"697","πολλάκις","FALSE"
"698","δὲ","TRUE"
"699","ὐπ","FALSE"
"700","ἐκείνων","FALSE"
"701","ἡμεῖς","TRUE"
"702","ἠλαυνόμεθα","FALSE"
"703",",","FALSE"
"704","ἐνδεδωκότων","FALSE"
"705","δὲ","TRUE"
"706","τῶν","TRUE"
"707","σὺν","TRUE"
"708","ἐμοὶ","TRUE"
"709","καὶ","TRUE"
"710","τὴν","TRUE"
"711","ἐπὶ","TRUE"
"712","τὸ","TRUE"
"713","τεῖχος","FALSE"
"714","περισκοπούντων","FALSE"
"715","ὁδὸν","FALSE"
"716","μόνος","FALSE"
"717","λοιπὸν","FALSE"
"718","κατὰ","TRUE"
"719","πάντων","FALSE"
"720","ἐχώρουν","FALSE"
"721",",","FALSE"
"722","μόνος","FALSE"
"723","τὴν","TRUE"
"724","πυκνὴν","FALSE"
"725","τῶν","TRUE"
"726","πολε","FALSE"
"727","μίων","FALSE"
"728","διέρρηξα","FALSE"
"729","φάλαγγα","FALSE"
"730",".","FALSE"
"731","καὶ","TRUE"
"732","θαρρεῖν","FALSE"
"733","μὲν","TRUE"
"734","αὖθις","FALSE"
"735","τοὺς","TRUE"
"736","ἐμοὺς","TRUE"
"737","διὰ","TRUE"
"738","τὴν","TRUE"
"739","ἐμὴν","TRUE"
"740","ἐποίουν","FALSE"
"741","ἀνδρίαν","FALSE"
"742",",","FALSE"
"743","οἱ","TRUE"
"744","δὲ","TRUE"
"745","τότε","FALSE"
"746","ὧς","TRUE"
"747","ἐφ","FALSE"
"748","ἕρμαιον","FALSE"
"749","ἥκοντες","FALSE"
"750","οὐ","TRUE"
"751","μεθ","FALSE"
"752","ὁμοίου","FALSE"
"753","τοῦ","TRUE"
"754","σχήματος","FALSE"
"755","ἀνεχώρουν","FALSE"
"756",",","FALSE"
"757","ἀλλ","FALSE"
"758","οἱ","TRUE"
"759","μὲν","TRUE"
"760","ἔπιπτον","FALSE"
"761",",","FALSE"
"762","οἱ","TRUE"
"763","δὲ","TRUE"
"764","ἡλίσκοντο","FALSE"
"765",",","FALSE"
"766","οἱ","TRUE"
"767","δὲ","TRUE"
"768","τὸν","TRUE"
"769","περὶ","TRUE"
"770","τῆς","TRUE"
"771","ψυχῆς","FALSE"
"772","ἔθεον","FALSE"
"773","δρόμον","FALSE"
"774","ἐκ","TRUE"
"775","πολλῶν","FALSE"
"776","ὀλίγ","FALSE"
"777","οἱ","TRUE"
"778","καὶ","TRUE"
"779","πολλοὶ","FALSE"
"780","κατ","FALSE"
"781","ὀλίγους","FALSE"
"782","καὶ","TRUE"
"783","οὗ","TRUE"
"784","δυνατὸν","FALSE"
"785","ἦν","TRUE"
"786","δραπετεύοντες","FALSE"
"787",".","FALSE"
"788","θυμοῦ","FALSE"
"789","μὲν","TRUE"
"790","οὖν","TRUE"
"791","ἡ","TRUE"
"792","πέμψασα","FALSE"
"793","πόλις","FALSE"
"794","ἐνεπίμπλατο","FALSE"
"795","μείζονος","FALSE"
"796","οὐχ","TRUE"
"797","ὅσους","FALSE"
"798","ἔπεμψεν","FALSE"
"799","οὐδὲ","TRUE"
"800","οἵους","FALSE"
"801","ἤλπιζεν","FALSE"
"802","ἀπολαβοῦσα","FALSE"
"803","τοὺς","TRUE"
"804","ἑαυτῆς","TRUE"
"805",",","FALSE"
"806","ἐκκλησίαν","FALSE"
"807","δὲ","TRUE"
"808","ὁ","TRUE"
"809","δῆ","FALSE"
"810","μος","FALSE"
"811","μετὰ","TRUE"
"812","τὴν","TRUE"
"813","νίκην","FALSE"
"814","ἐποίει","FALSE"
"815","καὶ","TRUE"
"816","περὶ","TRUE"
"817","τῆς","TRUE"
"818","ἐμῆς","TRUE"
"819","ἐβουλεύε","FALSE"
"820","το","FALSE"
"821","δωρεᾶς","FALSE"
"822",".","FALSE"
"823","καλοῦντος","FALSE"
"824","δέ","TRUE"
"825","με","TRUE"
"826","τοῦ","TRUE"
"827","κήρυκος","FALSE"
"828","τῇ","TRUE"
"829","κοινῇ","FALSE"
"830","τοῦ","TRUE"
"831","δήμου","FALSE"
"832","φωνῇ","FALSE"
"833","καὶ","TRUE"
"834","λαβεῖν","FALSE"
"835","ὅσα","FALSE"
"836","ἤθελον","FALSE"
"837","ἐπιτρέποντος","FALSE"
"838","οὐ","TRUE"
"839","στεφάνους","FALSE"
"840","ἔχειν","FALSE"
"841",",","FALSE"
"842","οὐκ","TRUE"
"843","ἀτέλειαν","FALSE"
"844","ἤθελον","FALSE"
"845",",","FALSE"
"846","οὐ","TRUE"
"847","χαλκῆς","FALSE"
"848","τυ","FALSE"
"849","χεῖν","FALSE"
"850","ἐδεόμην","FALSE"
"851","εἰκόνος","FALSE"
"852",",","FALSE"
"853","ἀλλ","FALSE"
"854","ἐπειδή","FALSE"
"855","μοι","TRUE"
"856","προσδοκώμενος","FALSE"
"857","αὖθις","FALSE"
"858","ἔμελε","FALSE"
"859","πόλεμος","FALSE"
"860","καὶ","TRUE"
"861","φήμη","FALSE"
"862","πονηρὰ","FALSE"
"863","καὶ","TRUE"
"864","πολεμίων","FALSE"
"865","ἰσχὺς","FALSE"
"866","πανταχόθεν","FALSE"
"867","ἀγειρομένων","FALSE"
"868",",","FALSE"
"869","τοῦ","TRUE"
"870","μὲν","TRUE"
"871","πολλοῦ","FALSE"
"872","κατε","FALSE"
"873","φρόνησα","FALSE"
"874","κέρδους","FALSE"
"875",",","FALSE"
"876","τῆς","TRUE"
"877","δὲ","TRUE"
"878","κοινῆς","FALSE"
"879","ἀσφαλείας","FALSE"
"880","ἀντεποιού","FALSE"
"881","μην","FALSE"
"882","καὶ","TRUE"
"883","μίαν","FALSE"
"884","εἶδον","FALSE"
"885","σωτηρίας","FALSE"
"886","ὁδὸν","FALSE"
"887","μηδένα","FALSE"
"888","εἶναι","TRUE"
"889","τῆς","TRUE"
"890","πόλεως","FALSE"
"891","ἔξω","FALSE"
"892","μηδὲ","FALSE"
"893","τοὺς","TRUE"
"894","διὰ","TRUE"
"895","συκοφαντίαν","FALSE"
"896","φεύγοντας","FALSE"
"897","προσθήκην","FALSE"
"898","ἐᾶν","FALSE"
"899","τοῖς","TRUE"
"900","πολεμίοις","FALSE"
"901","γενέσθαι","FALSE"
"902","μεγάλην","FALSE"
"903",".","FALSE"
"904","διὰ","TRUE"
"905","ταῦτα","TRUE"
"906","φιλανθρώπου","FALSE"
"907","τυχεῖν","FALSE"
"908","ἠξίωσα","FALSE"
"909","ψήφου","FALSE"
"910","ἀνδρῶν","FALSE"
"911","εὐ","FALSE"
"912","χόμενος","FALSE"
"913","τὴν","TRUE"
"914","πόλιν","FALSE"
"915","μᾶλλον","FALSE"
"916","γενναίων","FALSE"
"917","ὁρᾶν","FALSE"
"918","γέμουσαν","FALSE"
"919","ἢ","TRUE"
"920","πλούτου","FALSE"
"921","μείζονος","FALSE"
"922","τὴν","TRUE"
"923","ἐμὴν","TRUE"
"924","ἀπολαύουσαν","FALSE"
"925","οἰκίαν","FALSE"
"926",".","FALSE"
"927","καὶ","TRUE"
"928","οὐκ","TRUE"
"929","ἐγὼ","TRUE"
"930","μὲν","TRUE"
"931","οὕτ","FALSE"
"932","ὡς","TRUE"
"933",",","FALSE"
"934","ἐμέμφετο","FALSE"
"935","δέ","TRUE"
"936","μου","TRUE"
"937","τὴν","TRUE"
"938","κρίσιν","FALSE"
"939","ὁ","TRUE"
"940","δῆμος","FALSE"
"941",",","FALSE"
"942","ἀλλὰ","TRUE"
"943","τῆς","TRUE"
"944","περὶ","TRUE"
"945","τὸν","TRUE"
"946","πόλεμον","FALSE"
"947","εὐψυχίας","FALSE"
"948","λαμπρο","FALSE"
"949","τέραν","FALSE"
"950","τὴν","TRUE"
"951","περὶ","TRUE"
"952","τῆς","TRUE"
"953","δωρεᾶς","FALSE"
"954","ἐνόμιζεν","FALSE"
"955","αἴτησιν","FALSE"
"956","καὶ","TRUE"
"957","διὰ","TRUE"
"958","ταῦτά","TRUE"
"959","με","TRUE"
"960","μόνον","FALSE"
"961","εὔνουν","FALSE"
"962",",","FALSE"
"963","μόνον","FALSE"
"964","φιλόπολιν","FALSE"
"965",",","FALSE"
"966","μόνον","FALSE"
"967","ἐκά","FALSE"
"968","λει","FALSE"
"969","δημοτικόν","FALSE"
"970",".","FALSE"
"971","ὧς","TRUE"
"972","δὲ","TRUE"
"973","πλήρης","FALSE"
"974","ἦν","TRUE"
"975","τῶν","TRUE"
"976","οἰκείων","FALSE"
"977","ἡ","TRUE"
"978","πόλις","FALSE"
"979",",","FALSE"
"980","τοὺς","TRUE"
"981","μὲν","TRUE"
"982","φυγάδας","FALSE"
"983","ὁ","TRUE"
"984","δῆμος","FALSE"
"985","ὁρῶν","FALSE"
"986","τῆς","TRUE"
"987","ἔχθρας","FALSE"
"988","ἐπελανθάνετο","FALSE"
"989","καὶ","TRUE"
"990","πολίτας","FALSE"
"991","ἐκάλει","FALSE"
"992","χρηστούς","FALSE"
"993",",","FALSE"
"994","οἱ","TRUE"
"995","δὲ","TRUE"
"996","τὴν","TRUE"
"997","μέλλουσαν","FALSE"
"998","ἰδεῖν","FALSE"
"999","ηὔχοντο","FALSE"
"1000","μάχην","FALSE"
"1001","ἀμοιβὴν","FALSE"
"1002","τῆς","TRUE"
"1003","εὐεργεσίας","FALSE"
"1004","τὴν","TRUE"
"1005","προθυμίαν","FALSE"
"1006","εἰσφέρειν","FALSE"
"1007","σπουδάζοντες","FALSE"
"1008",".","FALSE"
"1009","φανέντος","FALSE"
"1010","δὲ","TRUE"
"1011","τοῦ","TRUE"
"1012","καιροῦ","FALSE"
"1013","καὶ","TRUE"
"1014","τῶν","TRUE"
"1015","πολεμίων","FALSE"
"1016","ἡμᾶς","TRUE"
"1017","αὖθις","FALSE"
"1018","ἐπιτρεχόν","FALSE"
"1019","των","FALSE"
"1020","καὶ","TRUE"
"1021","μείζονα","FALSE"
"1022","λυπεῖν","FALSE"
"1023","ὧν","TRUE"
"1024","ἔπαθον","FALSE"
"1025","ἐλπιζόντων","FALSE"
"1026","πρῶτοι","FALSE"
"1027","τῶν","TRUE"
"1028","πυλῶν","FALSE"
"1029","ἔξω","FALSE"
"1030",",","FALSE"
"1031","πρῶτοι","FALSE"
"1032","τῶν","TRUE"
"1033","γενναίων","FALSE"
"1034","ὁρμήσαντες","FALSE"
"1035","πολιτῶν","FALSE"
"1036","ἐπὶ","TRUE"
"1037","τοῦ","TRUE"
"1038","τῆς","TRUE"
"1039","φάλαγγος","FALSE"
"1040","ἔστησαν","FALSE"
"1041","μετώπου","FALSE"
"1042",".","FALSE"
"1043","μό","FALSE"
"1044","νους","FALSE"
"1045","δὲ","TRUE"
"1046","ὁρῶν","FALSE"
"1047","αὐτοὺς","TRUE"
"1048","τῆς","TRUE"
"1049","ἐμῆς","TRUE"
"1050","προαιρέσεως","FALSE"
"1051","μιμητὰς","FALSE"
"1052","τούτοις","TRUE"
"1053","ἐπέταττον","FALSE"
"1054",",","FALSE"
"1055","μετὰ","TRUE"
"1056","τούτων","TRUE"
"1057","ἠγωνιζόμην","FALSE"
"1058","τοσοῦτον","FALSE"
"1059","αὐτῶν","TRUE"
"1060","ἀρετῇ","FALSE"
"1061","καὶ","TRUE"
"1062","δρόμῳ","FALSE"
"1063","προέχων","FALSE"
"1064","ὅσον","FALSE"
"1065","ἐκεῖνοι","FALSE"
"1066","τῶν","TRUE"
"1067","ἄλλων","TRUE"
"1068",".","FALSE"
"1069","δευτέρας","FALSE"
"1070","δὲ","TRUE"
"1071","οἱ","TRUE"
"1072","πολέμιοι","FALSE"
"1073","σφαλέντες","FALSE"
"1074","ἐλ","FALSE"
"1075","πίδος","FALSE"
"1076","ἀνεχώρουν","FALSE"
"1077","μέν","TRUE"
"1078",",","FALSE"
"1079","οὐ","TRUE"
"1080","μετεμέλοντο","FALSE"
"1081","δέ","TRUE"
"1082",",","FALSE"
"1083","ἀλλ","FALSE"
"1084","ὥσπερ","FALSE"
"1085","οἱ","TRUE"
"1086","περὶ","TRUE"
"1087","τὴν","TRUE"
"1088","παλαίστραν","FALSE"
"1089","ἀγωνιζόμενοι","FALSE"
"1090","τὴν","TRUE"
"1091","τρίτην","FALSE"
"1092","ἰδεῖν","FALSE"
"1093","ἀνέμενον","FALSE"
"1094","πεῖραν","FALSE"
"1095","καὶ","TRUE"
"1096","τὸν","TRUE"
"1097","αὐτὸν","TRUE"
"1098","καθ","FALSE"
"1099","ἡμῶν","TRUE"
"1100","θυμὸν","FALSE"
"1101","μετὰ","TRUE"
"1102","μείζονος","FALSE"
"1103","εἶχον","FALSE"
"1104","παρασκευῆς","FALSE"
"1105","καὶ","TRUE"
"1106","δυοῖν","FALSE"
"1107","ἑαυτοῖς","TRUE"
"1108","ὡρίζοντο","FALSE"
"1109","θάτερον","FALSE"
"1110",",","FALSE"
"1111","ἢ","TRUE"
"1112","τὴν","TRUE"
"1113","ἡμετέραν","FALSE"
"1114","θᾶττον","FALSE"
"1115","ἑλεῖν","FALSE"
"1116","ἢ","TRUE"
"1117","μηκέτι","FALSE"
"1118","πρὸς","TRUE"
"1119","τὴν","TRUE"
"1120","οἰκείαν","FALSE"
"1121","ἐπανελθεῖν","FALSE"
"1122",".","FALSE"
"1123","ἐμοὶ","TRUE"
"1124","μὲν","TRUE"
"1125","οὖν","TRUE"
"1126","ἡ","TRUE"
"1127","πόλις","FALSE"
"1128","τὸ","TRUE"
"1129","γέρας","FALSE"
"1130","αὖθις","FALSE"
"1131","κατ","FALSE"
"1132","ἐξουσίαν","FALSE"
"1133","ἐδίδου","FALSE"
"1134","καὶ","TRUE"
"1135","τὰς","TRUE"
"1136","πολλὰς","FALSE"
"1137","κατέλεγε","FALSE"
"1138","δωρεὰς","FALSE"
"1139","κρίνειν","FALSE"
"1140","με","TRUE"
"1141","τὸ","TRUE"
"1142","καθ","FALSE"
"1143","ἡδονὴν","FALSE"
"1144","ἐπιτρέ","FALSE"
"1145","πουσα","FALSE"
"1146",".","FALSE"
"1147","ἐγὼ","TRUE"
"1148","δὲ","TRUE"
"1149","πεῖραν","FALSE"
"1150","τῆς","TRUE"
"1151","ἀγαθῆς","FALSE"
"1152","ἔχων","FALSE"
"1153","αἰτήσεως","FALSE"
"1154","καὶ","TRUE"
"1155","ὅσα","FALSE"
"1156","τὸν","TRUE"
"1157","δῆμον","FALSE"
"1158","οἱ","TRUE"
"1159","κατελθόντες","FALSE"
"1160","ὤνησαν","FALSE"
"1161","φυγάδες","FALSE"
"1162","ἡδέως","FALSE"
"1163","λύειν","FALSE"
"1164","τὰς","TRUE"
"1165","τῶν","TRUE"
"1166","πολιτῶν","FALSE"
"1167","ἐσπούδαζον","FALSE"
"1168","ὕβρεις","FALSE"
"1169",".","FALSE"
"1170","ὁρῶν","FALSE"
"1171","γὰρ","TRUE"
"1172","ὅτι","TRUE"
"1173","πολλοὶ","FALSE"
"1174","τῶν","TRUE"
"1175","μεγάλα","FALSE"
"1176","πράττειν","FALSE"
"1177","ὑπὲρ","TRUE"
"1178","τῆς","TRUE"
"1179","πόλεως","FALSE"
"1180","εἰ","TRUE"
"1181","δότων","FALSE"
"1182","καὶ","TRUE"
"1183","πολλὴν","FALSE"
"1184","τῆς","TRUE"
"1185","εἰς","TRUE"
"1186","τὸν","TRUE"
"1187","δῆμον","FALSE"
"1188","εὐνοίας","FALSE"
"1189","δειξάν","FALSE"
"1190","των","FALSE"
"1191","τὴν","TRUE"
"1192","πεῖραν","FALSE"
"1193","ἄτιμοι","FALSE"
"1194","μὲν","TRUE"
"1195","ἐξ","TRUE"
"1196","ἐντίμων","FALSE"
"1197",",","FALSE"
"1198","ἄδοξοι","FALSE"
"1199","δὲ","TRUE"
"1200","ἐξ","TRUE"
"1201","ἐνδόξων","FALSE"
"1202","γεγόνασι","FALSE"
"1203","καὶ","TRUE"
"1204","τὴν","TRUE"
"1205","προθυμίαν","FALSE"
"1206","ἡ","TRUE"
"1207","ὕβρις","FALSE"
"1208","ἀνέ","FALSE"
"1209","κοπτε","FALSE"
"1210",",","FALSE"
"1211","μίαν","FALSE"
"1212","πάλιν","FALSE"
"1213","τῆς","TRUE"
"1214","ἀριστείας","FALSE"
"1215","ᾔτησα","FALSE"
"1216","δωρεὰν","FALSE"
"1217","τοὺς","TRUE"
"1218","διὰ","TRUE"
"1219","συκοφαντίαν","FALSE"
"1220","ἀτίμους","FALSE"
"1221","τῆς","TRUE"
"1222","ἀρχαίας","FALSE"
"1223","ἀπολαύειν","FALSE"
"1224","αἰ","TRUE"
"1225","δοῦς","FALSE"
"1226","καὶ","TRUE"
"1227","μηδὲν","FALSE"
"1228","τῶν","TRUE"
"1229","ἄλλων","TRUE"
"1230","διαφέρειν","FALSE"
"1231","τοὺς","TRUE"
"1232","ἐκ","TRUE"
"1233","τῶν","TRUE"
"1234","αὐτῶν","TRUE"
"1235","γεγονότας","FALSE"
"1236",",","FALSE"
"1237","ἀλλὰ","TRUE"
"1238","κοινωνοὺς","FALSE"
"1239","εἶναι","TRUE"
"1240","νόμων","FALSE"
"1241","ἅμα","FALSE"
"1242","καὶ","TRUE"
"1243","πολιτείας","FALSE"
"1244","καὶ","TRUE"
"1245","μάχης","FALSE"
"1246",".","FALSE"
"1247","ἐπαινεσάντων","FALSE"
"1248","δὲ","TRUE"
"1249","πάντων","FALSE"
"1250","καὶ","TRUE"
"1251","φιλόπολιν","FALSE"
"1252","αὖθίς","FALSE"
"1253","με","TRUE"
"1254","διὰ","TRUE"
"1255","ταῦτα","TRUE"
"1256","καὶ","TRUE"
"1257","δημοτικὸν","FALSE"
"1258","ὀνομα","FALSE"
"1259","ζόντων","FALSE"
"1260","ἐλύετο","FALSE"
"1261","μὲν","TRUE"
"1262","θᾶττον","FALSE"
"1263","ἡ","TRUE"
"1264","ἀτιμία","FALSE"
"1265",",","FALSE"
"1266","προθυμότεροι","FALSE"
"1267","δὲ","TRUE"
"1268","ἦσαν","TRUE"
"1269","οἱ","TRUE"
"1270","τιμηθέντες","FALSE"
"1271","πάντα","FALSE"
"1272","λοιπὸν","FALSE"
"1273","σὺν","TRUE"
"1274","ἡμῖν","TRUE"
"1275","ἀγαπῶντες","FALSE"
"1276","ποιεῖν","FALSE"
"1277","τε","TRUE"
"1278","καὶ","TRUE"
"1279","πάσχειν","FALSE"
"1280",".","FALSE"
"1281","θαρρήσαντες","FALSE"
"1282","δὲ","TRUE"
"1283","μᾶλλον","FALSE"
"1284","ἡμεῖς","TRUE"
"1285","καὶ","TRUE"
"1286","μίαν","FALSE"
"1287","ἐν","TRUE"
"1288","πᾶσιν","FALSE"
"1289","ὁρῶντες","FALSE"
"1290","σπουδὴν","FALSE"
"1291","οὐκέτι","FALSE"
"1292","τὰς","TRUE"
"1293","τῶν","TRUE"
"1294","πολεμίων","FALSE"
"1295","ἰδεῖν","FALSE"
"1296","ἀνεμείναμεν","FALSE"
"1297","ἐφόδους","FALSE"
"1298","οὐδ","FALSE"
"1299","ἐν","TRUE"
"1300","ἐκεί","FALSE"
"1301","ἐκείνοις","FALSE"
"1302","εἶναι","TRUE"
"1303","παρέσχομεν","FALSE"
"1304","τὸ","TRUE"
"1305","ποιεῖν","FALSE"
"1306","ἡμᾶς","TRUE"
"1307",",","FALSE"
"1308","ὅταν","FALSE"
"1309","ἐθέλωσιν","FALSE"
"1310",",","FALSE"
"1311","ἀνδρείους","FALSE"
"1312",",","FALSE"
"1313","λογιζόμενοι","FALSE"
"1314","δὲ","TRUE"
"1315","καλῶς","FALSE"
"1316","ὡς","TRUE"
"1317","οἱ","TRUE"
"1318","τοῖς","TRUE"
"1319","πρώτοις","FALSE"
"1320","στρατεύσασιν","FALSE"
"1321","ἀντεπιόντες","FALSE"
"1322","καὶ","TRUE"
"1323","τοὺς","TRUE"
"1324","κινδύνους","FALSE"
"1325","εἰς","TRUE"
"1326","τὴν","TRUE"
"1327","ἐκείνων","FALSE"
"1328","μεταστήσαντες","FALSE"
"1329","γῆν","FALSE"
"1330","τὴν","TRUE"
"1331","ἐκ","TRUE"
"1332","τῆς","TRUE"
"1333","ἀνδρίας","FALSE"
"1334","δόξαν","FALSE"
"1335","μετὰ","TRUE"
"1336","τῆς","TRUE"
"1337","τοῦ","TRUE"
"1338","δικαίου","FALSE"
"1339","λαμβάνουσι","FALSE"
"1340","μοίρας","FALSE"
"1341","καὶ","TRUE"
"1342","τὴν","TRUE"
"1343","ἀρε","FALSE"
"1344","τὴν","TRUE"
"1345","ἄμεμπτον","FALSE"
"1346","αὐτοῖς","TRUE"
"1347","ἡ","TRUE"
"1348","πρώτη","FALSE"
"1349","δείκνυσιν","FALSE"
"1350","ἔφοδος","FALSE"
"1351",",","FALSE"
"1352","ταῦ","FALSE"
"1353","τὰ","TRUE"
"1354","εἰδότες","FALSE"
"1355","ἐπὶ","TRUE"
"1356","τὴν","TRUE"
"1357","ἐκείνων","FALSE"
"1358","ὡρμήσαμεν","FALSE"
"1359","γῆν","FALSE"
"1360","μείζονι","FALSE"
"1361","δι","FALSE"
"1362","δάξαι","FALSE"
"1363","πείρᾳ","FALSE"
"1364","τοὺς","TRUE"
"1365","ἀνοήτους","FALSE"
"1366","σπουδάζοντες","FALSE"
"1367","οἵαν","FALSE"
"1368","θήραν","FALSE"
"1369","μετῆλθον","FALSE"
"1370",".","FALSE"
"1371","οἱ","TRUE"
"1372","δέ","TRUE"
"1373",",","FALSE"
"1374","κατέπληττε","FALSE"
"1375","\","FALSE"
"1376","γὰρ","TRUE"
"1377","αὐτοὺς","TRUE"
"1378","νεότης","FALSE"
"1379","ἄοκνος","FALSE"
"1380","πρόφασιν","FALSE"
"1381","ῥᾳθυμίας","FALSE"
"1382","οὐκ","TRUE"
"1383","ἔχουσα","FALSE"
"1384",",","FALSE"
"1385","μικρὸν","FALSE"
"1386","εἰς","TRUE"
"1387","χεῖρας","FALSE"
"1388","ἐλθόντες","FALSE"
"1389","ἐπὶ","TRUE"
"1390","πόδα","FALSE"
"1391","ἀνεχώρουν","FALSE"
"1392","ὥσπερ","FALSE"
"1393","τινὰ","TRUE"
"1394","Γοργὼ","FALSE"
"1395","τὴν","TRUE"
"1396","ἐμὴν","TRUE"
"1397","ὁρῶντες","FALSE"
"1398","ἀσπίδα","FALSE"
"1399",".","FALSE"
"1400","ἐπειδὴ","FALSE"
"1401","δὲ","TRUE"
"1402","πᾶσα","FALSE"
"1403","μὲν","TRUE"
"1404","αὐτῶν","TRUE"
"1405","κατ","FALSE"
"1406","είληπτο","FALSE"
"1407","χώρα","FALSE"
"1408",",","FALSE"
"1409","φεύγειν","FALSE"
"1410","δὲ","TRUE"
"1411","οὐδὲ","TRUE"
"1412","βουλομένοις","FALSE"
"1413","ἐνῆν","FALSE"
"1414",",","FALSE"
"1415","μηχανήματα","FALSE"
"1416","δὲ","TRUE"
"1417","ἡμῖν","TRUE"
"1418","ἡτοίμαστο","FALSE"
"1419","καὶ","TRUE"
"1420","κατὰ","TRUE"
"1421","τοῦ","TRUE"
"1422","τείχους","FALSE"
"1423","ὁ","TRUE"
"1424","πόλεμος","FALSE"
"1425","ἦν","TRUE"
"1426",",","FALSE"
"1427","ἔγνωσαν","FALSE"
"1428","ὅπερ","FALSE"
"1429","ἐχρῆν","FALSE"
"1430",".","FALSE"
"1431","πρεσβεῖαι","FALSE"
"1432","γὰρ","TRUE"
"1433","εὐθὺς","FALSE"
"1434","πρὸς","TRUE"
"1435","ἡμᾶς","TRUE"
"1436","καὶ","TRUE"
"1437","λόγοι","FALSE"
"1438","ταπεινοὶ","FALSE"
"1439","καὶ","TRUE"
"1440","φρόνημα","FALSE"
"1441","μέ","TRUE"
"1442","τρίον","FALSE"
"1443","καὶ","TRUE"
"1444","πολλαὶ","FALSE"
"1445","τῶν","TRUE"
"1446","ταῦτα","TRUE"
"1447","πεισάντων","FALSE"
"1448","αὐτοὺς","TRUE"
"1449","ποιεῖν","FALSE"
"1450","ἦσαν","TRUE"
"1451","κατηγορίαι","FALSE"
"1452",".","FALSE"
"1453","ἡμεῖς","TRUE"
"1454","δέ","TRUE"
"1455",",","FALSE"
"1456","φιλάνθρωπος","FALSE"
"1457","γὰρ","TRUE"
"1458","καὶ","TRUE"
"1459","πρὸς","TRUE"
"1460","ἐκείνους","FALSE"
"1461","ὁ","TRUE"
"1462","δῆμος","FALSE"
"1463",",","FALSE"
"1464","τοὺς","TRUE"
"1465","ἀπὸ","TRUE"
"1466","τῶν","TRUE"
"1467","τειχῶν","FALSE"
"1468","προτει","FALSE"
"1469","νομένους","FALSE"
"1470","ἠλεήσαμεν","FALSE"
"1471","παῖδας","FALSE"
"1472",",","FALSE"
"1473","τοὺς","TRUE"
"1474","πολλοὺς","FALSE"
"1475","τῶν","TRUE"
"1476","πατέ","FALSE"
"1477","ρων","FALSE"
"1478","ᾠκτείραμεν","FALSE"
"1479","θρήνους","FALSE"
"1480","καὶ","TRUE"
"1481","νεότητος","FALSE"
"1482","ἐφεισάμεθα","FALSE"
"1483","δυστυχοῦς","FALSE"
"1484","ἐξ","TRUE"
"1485","ἀβουλίας","FALSE"
"1486","πάλαι","FALSE"
"1487","θρασυνομένης","FALSE"
"1488",".","FALSE"
"1489","γενομέ","FALSE"
"1490","νων","FALSE"
"1491","δὲ","TRUE"
"1492","τῶν","TRUE"
"1493","σπονδῶν","FALSE"
"1494","καὶ","TRUE"
"1495","τοῦ","TRUE"
"1496","δήμου","FALSE"
"1497","λαμπρῶς","FALSE"
"1498","διὰ","TRUE"
"1499","τὴν","TRUE"
"1500","ἐμὴν","TRUE"
"1501","πάλιν","FALSE"
"1502","ἀναχωρήσαντος","FALSE"
"1503","νίκην","FALSE"
"1504","τρίτος","FALSE"
"1505","ἡμῖν","TRUE"
"1506","περὶ","TRUE"
"1507","δωρεᾶς","FALSE"
"1508","ἐγίνετο","FALSE"
"1509","λόγος","FALSE"
"1510","καὶ","TRUE"
"1511","ὁ","TRUE"
"1512","περὶ","TRUE"
"1513","τοῦ","TRUE"
"1514","γέρως","FALSE"
"1515","ἀνεγι","FALSE"
"1516","νώσκετο","FALSE"
"1517","νόμος","FALSE"
"1518",".","FALSE"
"1519","καί","TRUE"
"1520","τις","TRUE"
"1521","τῶν","TRUE"
"1522","ἐν","TRUE"
"1523","μέσῳ","FALSE"
"1524","καθημένων","FALSE"
"1525","τοιούσδε","FALSE"
"1526","πρὸς","TRUE"
"1527","ἐμὲ","TRUE"
"1528","διεξήρχετο","FALSE"
"1529","λόγους","FALSE"
"1530","·","FALSE"
"1531","ἡμεῖς","TRUE"
"1532",",","FALSE"
"1533","ὦ","TRUE"
"1534","γεν","FALSE"
"1535","ναιότατε","FALSE"
"1536",",","FALSE"
"1537","πολλὰ","FALSE"
"1538","καὶ","TRUE"
"1539","καλὰ","FALSE"
"1540","παθόντες","FALSE"
"1541","ὑπὸ","TRUE"
"1542","σοῦ","TRUE"
"1543","οὐδὲν","TRUE"
"1544","τέως","FALSE"
"1545","τὸν","TRUE"
"1546","σὸν","TRUE"
"1547","ὠφελήσαμεν","FALSE"
"1548","οἶκον","FALSE"
"1549","οὐδὲ","TRUE"
"1550","δωρεὰν","FALSE"
"1551","ἔσχες","FALSE"
"1552",",","FALSE"
"1553","ἀλλὰ","TRUE"
"1554","μόνος","FALSE"
"1555","τῶν","TRUE"
"1556","ἀριστέων","FALSE"
"1557","μεγάλα","FALSE"
"1558","μὲν","TRUE"
"1559","ἡμᾶς","TRUE"
"1560","ἐκ","TRUE"
"1561","τῆς","TRUE"
"1562","ἀνδρίας","FALSE"
"1563",",","FALSE"
"1564","μείζονα","FALSE"
"1565","δ","FALSE"
"1566","ἐκ","TRUE"
"1567","τῶν","TRUE"
"1568","αἰτήσεων","FALSE"
"1569","ὤνησας","FALSE"
"1570","τοσαύτην","FALSE"
"1571","προσθήκην","FALSE"
"1572","ἀνδρῶν","FALSE"
"1573","ταῖς","TRUE"
"1574","τῆς","TRUE"
"1575","πόλεως","FALSE"
"1576","παρασχόμενος","FALSE"
"1577","χρείαις","FALSE"
"1578",".","FALSE"
"1579","οὓς","TRUE"
"1580","γὰρ","TRUE"
"1581","ἀπατώμενος","FALSE"
"1582","ὁ","TRUE"
"1583","πᾶς","FALSE"
"1584","ἤλαυνε","FALSE"
"1585","δῆμος","FALSE"
"1586",",","FALSE"
"1587","μόνος","FALSE"
"1588","σωφρο","FALSE"
"1589","νῶν","FALSE"
"1590","ἐπανήγαγες","FALSE"
"1591","καὶ","TRUE"
"1592","νῦν","FALSE"
"1593","τρίτην","FALSE"
"1594","σοι","TRUE"
"1595","χάριν","FALSE"
"1596","ὑπὲρ","TRUE"
"1597","τρίτης","FALSE"
"1598","ὀφείλομεν","FALSE"
"1599","ἀριστείας","FALSE"
"1600",".","FALSE"
"1601","οὐκοῦν","FALSE"
"1602","χρήματα","FALSE"
"1603","αἴτει","FALSE"
"1604",".","FALSE"
"1605","ἀτέλειαν","FALSE"
"1606","λάμβανε","FALSE"
"1607",".","FALSE"
"1608","τὰ","TRUE"
"1609","χρησιμώτατά","FALSE"
"1610","σοι","TRUE"
"1611","λοιπὸν","FALSE"
"1612","σκόπει","FALSE"
"1613","τῆς","TRUE"
"1614","πόλεως","FALSE"
"1615","δῶρα","FALSE"
"1616",".","FALSE"
"1617","πλουτεῖ","FALSE"
"1618","διὰ","TRUE"
"1619","σὲ","TRUE"
"1620","σωμάτων","FALSE"
"1621","ἡ","TRUE"
"1622","πόλις","FALSE"
"1623",".","FALSE"
"1624","πλουτείτω","FALSE"
"1625","σοι","TRUE"
"1626","μᾶλλον","FALSE"
"1627","καὶ","TRUE"
"1628","δι","FALSE"
"1629","ἡμῶν","TRUE"
"1630","χρημάτων","FALSE"
"1631","ὁ","TRUE"
"1632","οἶκος","FALSE"
"1633",".","FALSE"
"1634","ἐγὼ","TRUE"
"1635","δὲ","TRUE"
"1636","ταῦτα","TRUE"
"1637","καὶ","TRUE"
"1638","πάλαι","FALSE"
"1639","σκοπῶν","FALSE"
"1640","καὶ","TRUE"
"1641","τότε","FALSE"
"1642","ἀκούσας","FALSE"
"1643","οὐδὲν","TRUE"
"1644","μᾶλ","FALSE"
"1645","λον","FALSE"
"1646","τῆς","TRUE"
"1647","ἐμῆς","TRUE"
"1648","ἐφρόντιζον","FALSE"
"1649","οἰκίας","FALSE"
"1650","οὐδ","FALSE"
"1651","ὅπως","FALSE"
"1652","πλέον","FALSE"
"1653","ἔξω","FALSE"
"1654","τι","TRUE"
"1655","προὐνοήθην","FALSE"
"1656",",","FALSE"
"1657","ἀλλ","FALSE"
"1658","ἀρκοῦντα","FALSE"
"1659","πλοῦτον","FALSE"
"1660","νομίζων","FALSE"
"1661","ὅσα","FALSE"
"1662","μοι","TRUE"
"1663","τύχη","FALSE"
"1664","δικαία","FALSE"
"1665","καὶ","TRUE"
"1666","προγόνων","FALSE"
"1667","εὔλογος","FALSE"
"1668","δέδωκε","FALSE"
"1669","κλῆρος","FALSE"
"1670",",","FALSE"
"1671","ταῦτα","TRUE"
"1672","μὲν","TRUE"
"1673","καὶ","TRUE"
"1674","τὰ","TRUE"
"1675","τοιαῦτα","TRUE"
"1676","διέπτυον","FALSE"
"1677",",","FALSE"
"1678","τὸ","TRUE"
"1679","δὲ","TRUE"
"1680","λεῖπον","FALSE"
"1681","τῇ","TRUE"
"1682","κοινῇ","FALSE"
"1683","τῆς","TRUE"
"1684","πόλεως","FALSE"
"1685","εὐδαιμονίᾳ","FALSE"
"1686","ζητῶν","FALSE"
"1687","τῶν","TRUE"
"1688","δεσμῶν","FALSE"
"1689","τοὺς","TRUE"
"1690","παρὰ","TRUE"
"1691","τὸ","TRUE"
"1692","οἴκημα","FALSE"
"1693","ταλαιπωροῦντας","FALSE"
"1694","ἀφῆκα","FALSE"
"1695","οὐ","TRUE"
"1696","τὰς","TRUE"
"1697","ἐκεί","FALSE"
"1698","νων","FALSE"
"1699","ἀποδεξάμενος","FALSE"
"1700","πράξεις","FALSE"
"1701","οὐδὲ","TRUE"
"1702","δορυφόρους","FALSE"
"1703","ἔχειν","FALSE"
"1704","αὐ","FALSE"
"1705","τοὺς","TRUE"
"1706","ἐπὶ","TRUE"
"1707","τῆς","TRUE"
"1708","καλῆς","FALSE"
"1709","τυραννίδος","FALSE"
"1710","ἐλπίζων","FALSE"
"1711","ἀλλὰ","TRUE"
"1712","σκοπῶν","FALSE"
"1713",",","FALSE"
"1714","ὅπερ","FALSE"
"1715","εἰκός","FALSE"
"1716",",","FALSE"
"1717","ὡς","TRUE"
"1718","πονηρὰ","FALSE"
"1719","φύσις","FALSE"
"1720","ἀνελπίστου","FALSE"
"1721","τυχοῦσα","FALSE"
"1722","συγ","FALSE"
"1723","γνώμης","FALSE"
"1724","δυσωπεῖται","FALSE"
"1725","τὴν","TRUE"
"1726","χάριν","FALSE"
"1727","καὶ","TRUE"
"1728","μεταβάλλει","FALSE"
"1729","τοὺς","TRUE"
"1730","τρόπους","FALSE"
"1731","καὶ","TRUE"
"1732","μετανοεῖν","FALSE"
"1733","οὐκ","TRUE"
"1734","ἐᾷ","FALSE"
"1735","τοὺς","TRUE"
"1736","τιμήσαντας","FALSE"
"1737",".","FALSE"
"1738","Λαβόντος","FALSE"
"1739","δέ","TRUE"
"1740","μου","TRUE"
"1741","καὶ","TRUE"
"1742","ταύτην","TRUE"
"1743","παρὰ","TRUE"
"1744","τοῦ","TRUE"
"1745","δήμου","FALSE"
"1746","τὴν","TRUE"
"1747","χάριν","FALSE"
"1748","καὶ","TRUE"
"1749","πολλῶν","FALSE"
"1750","πάλιν","FALSE"
"1751","ἀναπεπνευκότων","FALSE"
"1752","δι","FALSE"
"1753","ἐμὲ","TRUE"
"1754","πολιτῶν","FALSE"
"1755","οἱ","TRUE"
"1756","μὲν","TRUE"
"1757","ἄλλοι","TRUE"
"1758","πάντες","FALSE"
"1759","τὴν","TRUE"
"1760","ἐμὴν","TRUE"
"1761","ἐθαύμαζον","FALSE"
"1762","μεγαλοψυχίαν","FALSE"
"1763","καὶ","TRUE"
"1764","τοιοῦτον","TRUE"
"1765","ἔφασκον","FALSE"
"1766","οὔπω","FALSE"
"1767","πολίτην","FALSE"
"1768","ἰδεῖν","FALSE"
"1769",",","FALSE"
"1770","μόνος","FALSE"
"1771","δὲ","TRUE"
"1772","ὁ","TRUE"
"1773","βάσκανος","FALSE"
"1774","οὗτος","TRUE"
"1775","περιστρέφει","FALSE"
"1776","τὰ","TRUE"
"1777","πράγ","FALSE"
"1778","ματα","FALSE"
"1779","καὶ","TRUE"
"1780","τυραννίδος","FALSE"
"1781","ὑποψίαν","FALSE"
"1782","ἐμβάλλει","FALSE"
"1783","τὴν","TRUE"
"1784","ὑπὲρ","TRUE"
"1785","τῶν","TRUE"
"1786","ἀτυχούντων","FALSE"
"1787","σπουδὴν","FALSE"
"1788","ἔλεγχον","FALSE"
"1789","τῆς","TRUE"
"1790","κατὰ","TRUE"
"1791","τῶν","TRUE"
"1792","εὐτυχούν","FALSE"
"1793","των","FALSE"
"1794","ἐπιβουλῆς","FALSE"
"1795","ποιεῖσθαι","FALSE"
"1796","νομίζων","FALSE"
"1797","φθόνος","FALSE"
"1798","μὲν","TRUE"
"1799","οὖν","TRUE"
"1800","αὐτὸν","TRUE"
"1801","ταῦτα","TRUE"
"1802","λέγειν","FALSE"
"1803","πικρός","FALSE"
"1804",",","FALSE"
"1805","οὐκ","TRUE"
"1806","ἀγαθὴ","FALSE"
"1807","τῆς","TRUE"
"1808","πόλεως","FALSE"
"1809","κεκίνηκε","FALSE"
"1810","πρόνοια","FALSE"
"1811",".","FALSE"
"1812","τί","TRUE"
"1813","γάρ","TRUE"
"1814","με","TRUE"
"1815","μὴ","TRUE"
"1816","ταύτην","TRUE"
"1817","ἐπὶ","TRUE"
"1818","τῶν","TRUE"
"1819","φυ","FALSE"
"1820","γάδων","FALSE"
"1821","τὴν","TRUE"
"1822","κατηγορίαν","FALSE"
"1823","ἐγράψατο","FALSE"
"1824",";","FALSE"
"1825","τί","TRUE"
"1826","δὲ","TRUE"
"1827","μὴ","TRUE"
"1828","ἐπὶ","TRUE"
"1829","τῶν","TRUE"
"1830","ἀτίμων","FALSE"
"1831","φιλόπολις","FALSE"
"1832","ἐφάνη","FALSE"
"1833","κατήγορος","FALSE"
"1834",";","FALSE"
"1835","ἀλλὰ","TRUE"
"1836","τοὺς","TRUE"
"1837","μὲν","TRUE"
"1838","ἐπανελθόντας","FALSE"
"1839",",","FALSE"
"1840","τοὺς","TRUE"
"1841","δὲ","TRUE"
"1842","τιμωμένους","FALSE"
"1843","ὁρῶν","FALSE"
"1844","ἐκαρτέρει","FALSE"
"1845",".","FALSE"
"1846","οὐκοῦν","FALSE"
"1847","τὴν","TRUE"
"1848","νῦν","FALSE"
"1849","βασκανίαν","FALSE"
"1850","ἡ","TRUE"
"1851","τότε","FALSE"
"1852","σιωπὴ","FALSE"
"1853","διελέγχει","FALSE"
"1854","καὶ","TRUE"
"1855","μόνοις","FALSE"
"1856","ἄχθεσθαι","FALSE"
"1857","τοῖς","TRUE"
"1858","δεσμώταις","FALSE"
"1859","δοκεῖ","FALSE"
"1860","ἀθρόα","FALSE"
"1861","νῦν","FALSE"
"1862","ἄγων","FALSE"
"1863","εἰς","TRUE"
"1864","μέσον","FALSE"
"1865","ἃ","TRUE"
"1866","κατὰ","TRUE"
"1867","διαφόρους","FALSE"
"1868","μοι","TRUE"
"1869","πέπρακται","FALSE"
"1870","χρόνους;.","FALSE"
"1871","Ἀλλὰ","TRUE"
"1872","τοὺς","TRUE"
"1873","πονηροτάτους","FALSE"
"1874",",","FALSE"
"1875","φησί","FALSE"
"1876",",","FALSE"
"1877","τῆς","TRUE"
"1878","τι","TRUE"
"1879","μωρίας","FALSE"
"1880","ἐλευθερῶν","FALSE"
"1881","τῆς","TRUE"
"1882","τιμωρίας","FALSE"
"1883","βεβαιοῖς","FALSE"
"1884","τὴν","TRUE"
"1885","ὑπόνοιαν","FALSE"
"1886",".","FALSE"
"1887","τί","TRUE"
"1888","τὸ","TRUE"
"1889","μέλλον","FALSE"
"1890",",","FALSE"
"1891","συκοφάντα","FALSE"
"1892",",","FALSE"
"1893","μαντεύῃ","FALSE"
"1894","εὔη","FALSE"
"1895","κακῶς","FALSE"
"1896","παρὸν","FALSE"
"1897","τὸ","TRUE"
"1898","φθάσαν","FALSE"
"1899","ἐξετάζειν","FALSE"
"1900","καλῶς","FALSE"
"1901",";","FALSE"
"1902","τίς","TRUE"
"1903","δὲ","TRUE"
"1904","τῶν","TRUE"
"1905","σῶν","TRUE"
"1906","ἀνέξεται","FALSE"
"1907","λόγων","FALSE"
"1908","παῖδας","FALSE"
"1909","ἐλευθέρους","FALSE"
"1910","δι","FALSE"
"1911","ἐμὲ","TRUE"
"1912","καὶ","TRUE"
"1913","σωφρο","FALSE"
"1914","νοῦντα","FALSE"
"1915","γύναια","FALSE"
"1916","καὶ","TRUE"
"1917","θαρροῦσαν","FALSE"
"1918","βλέπων","FALSE"
"1919","νεότητα","FALSE"
"1920",";","FALSE"
"1921","ἐγὼ","TRUE"
"1922","μὲν","TRUE"
"1923","οὖν","TRUE"
"1924","ἔλεγχον","FALSE"
"1925","ἔχω","FALSE"
"1926","τῆς","TRUE"
"1927","γνώμης","FALSE"
"1928","τὰ","TRUE"
"1929","τρόπαια","FALSE"
"1930",",","FALSE"
"1931","σὺ","TRUE"
"1932","δὲ","TRUE"
"1933","ἐκ","TRUE"
"1934","ποίας","FALSE"
"1935","με","TRUE"
"1936","ταῦτα","TRUE"
"1937","νοσεῖν","FALSE"
"1938","ἐπιθυμίας","FALSE"
"1939","ὑπολαμβά","FALSE"
"1940","νεις","FALSE"
"1941",";","FALSE"
"1942","πόθεν","FALSE"
"1943","δὲ","TRUE"
"1944","τυραννίδος","FALSE"
"1945","ἔρως","FALSE"
"1946","τοιαύτης","TRUE"
"1947","ἐκράτει","FALSE"
"1948","ψυ","FALSE"
"1949","χῆς","FALSE"
"1950",";","FALSE"
"1951","τῆς","TRUE"
"1952","παρὰ","TRUE"
"1953","πάντων","FALSE"
"1954","χάριν","FALSE"
"1955",",","FALSE"
"1956","νὴ","FALSE"
"1957","Δία","FALSE"
"1958",",","FALSE"
"1959","τιμῆς","FALSE"
"1960",";","FALSE"
"1961","ἀλλ","FALSE"
"1962","ἑκούσιος","FALSE"
"1963","εὔνοια","FALSE"
"1964","πόλεως","FALSE"
"1965","ἀναγκαίας","FALSE"
"1966","αἱρετωτέρα","FALSE"
"1967","τιμῆς","FALSE"
"1968","καὶ","TRUE"
"1969","εὔλογος","FALSE"
"1970","αἰδὼς","FALSE"
"1971","λαμπροτέρα","FALSE"
"1972","πικροῦ","FALSE"
"1973","νενόμισται","FALSE"
"1974","φό","FALSE"
"1975","βου","FALSE"
"1976","ὁ","TRUE"
"1977","μὲν","TRUE"
"1978","γὰρ","TRUE"
"1979","μόνῃ","FALSE"
"1980","τῇ","TRUE"
"1981","τύχῃ","FALSE"
"1982","κρατῶν","FALSE"
"1983","καὶ","TRUE"
"1984","τὴν","TRUE"
"1985","ὠμό","FALSE"
"1986","τητα","FALSE"
"1987","καλὸν","FALSE"
"1988","τῆς","TRUE"
"1989","ἀρχῆς","FALSE"
"1990","νομίζων","FALSE"
"1991","ἐνέχυρον","FALSE"
"1992","δεδιὼς","FALSE"
"1993","πολι","FALSE"
"1994","τεύεται","FALSE"
"1995","καὶ","TRUE"
"1996","τρέμων","FALSE"
"1997","καὶ","TRUE"
"1998","ἀεί","FALSE"
"1999","τι","TRUE"
"2000","παθεῖν","FALSE"
"2001","προσδεχόμενος","FALSE"
"2002","ὅμοιον","FALSE"
"2003",",","FALSE"
"2004","ὁ","TRUE"
"2005","δὲ","TRUE"
"2006","τοὺς","TRUE"
"2007","πολλοὺς","FALSE"
"2008","ταῖς","TRUE"
"2009","εὐεργεσίαις","FALSE"
"2010","καταδου","FALSE"
"2011","λούμενος","FALSE"
"2012","καὶ","TRUE"
"2013","φρόνημα","FALSE"
"2014","ἔχων","FALSE"
"2015","ὑπὲρ","TRUE"
"2016","μὲν","TRUE"
"2017","τῆς","TRUE"
"2018","πόλεως","FALSE"
"2019","μέ","TRUE"
"2020","γα","FALSE"
"2021",",","FALSE"
"2022","πρὸς","TRUE"
"2023","δὲ","TRUE"
"2024","αὐτὴν","TRUE"
"2025","ἴσον","FALSE"
"2026","ἀμετάθετον","FALSE"
"2027","ἔχει","FALSE"
"2028","τὴν","TRUE"
"2029","εὔνοιαν","FALSE"
"2030","ἀεὶ","FALSE"
"2031","τῆς","TRUE"
"2032","μνήμης","FALSE"
"2033","ἀνανεούσης","FALSE"
"2034","τὴν","TRUE"
"2035","χάριν","FALSE"
"2036",".","FALSE"
"2037","πολλὴ","FALSE"
"2038","γοῦν","FALSE"
"2039","μοι","TRUE"
"2040","παρὰ","TRUE"
"2041","πᾶσιν","FALSE"
"2042","ὑπῆρχεν","FALSE"
"2043","αἰδὼς","FALSE"
"2044","καὶ","TRUE"
"2045","προσηγορίας","FALSE"
"2046","ὰπήλαυον","FALSE"
"2047","ἐντίμου","FALSE"
"2048","τῶν","TRUE"
"2049","πολιτῶν","FALSE"
"2050","τοὺς","TRUE"
"2051","μὲν","TRUE"
"2052","εἶναι","TRUE"
"2053",",","FALSE"
"2054","τοὺς","TRUE"
"2055","δὲ","TRUE"
"2056","καὶ","TRUE"
"2057","εὖ","FALSE"
"2058","εἶναι","TRUE"
"2059","πεποιηκώς","FALSE"
"2060",".","FALSE"
"2061","ἀλλ","FALSE"
"2062","οὐ","TRUE"
"2063","τιμῆς","FALSE"
"2064","ἕνεκα","FALSE"
"2065",",","FALSE"
"2066","πλούτου","FALSE"
"2067","δὲ","TRUE"
"2068","μείζονος","FALSE"
"2069","χάριν","FALSE"
"2070","πρὸς","TRUE"
"2071","τὴν","TRUE"
"2072","ἀκρόπολιν","FALSE"
"2073","ἔβλεπον","FALSE"
"2074",";","FALSE"
"2075","καὶ","TRUE"
"2076","πῶς","FALSE"
"2077","οὐκ","TRUE"
"2078","ἄλογον","FALSE"
"2079","διδόμενον","FALSE"
"2080","μὲν","TRUE"
"2081","παρὰ","TRUE"
"2082","τῆς","TRUE"
"2083","πόλεως","FALSE"
"2084","ἀποστρέ","FALSE"
"2085","φεσθαι","FALSE"
"2086","πλοῦτον","FALSE"
"2087",",","FALSE"
"2088","οὐκ","TRUE"
"2089","ὄντα","TRUE"
"2090","δὲ","TRUE"
"2091","ἐλπίζειν","FALSE"
"2092",";","FALSE"
"2093","ἀλλ","FALSE"
"2094","οὐ","TRUE"
"2095","διὰ","TRUE"
"2096","ταῦτα","TRUE"
"2097",";","FALSE"
"2098","ἀλλὰ","TRUE"
"2099","διὰ","TRUE"
"2100","τί","TRUE"
"2101","με","TRUE"
"2102","τυραννίδος","FALSE"
"2103","ἐρᾶν","FALSE"
"2104","ὑπολαμβάνεις","FALSE"
"2105",";","FALSE"
"2106","τοὺς","TRUE"
"2107","μισοῦντάς","FALSE"
"2108","με","TRUE"
"2109","κολάζειν","FALSE"
"2110","ἐβουλόμην","FALSE"
"2111","πολίτας","FALSE"
"2112",";","FALSE"
"2113","καὶ","TRUE"
"2114","τίς","TRUE"
"2115","ἀριστέα","FALSE"
"2116","μισεῖν","FALSE"
"2117","ποτε","FALSE"
"2118","πλὴν","FALSE"
"2119","τῆς","TRUE"
"2120","σῆς","TRUE"
"2121","ἀναιδείας","FALSE"
"2122","ἐτόλ","FALSE"
"2123","μησε","FALSE"
"2124",";","FALSE"
"2125","τίς","TRUE"
"2126","οὐ","TRUE"
"2127","δεσπότην","FALSE"
"2128","ἄλυπον","FALSE"
"2129","ἡγεῖται","FALSE"
"2130","τὸν","TRUE"
"2131","πολλῶν","FALSE"
"2132","κινδυνεύοντα","FALSE"
"2133","χάριν","FALSE"
"2134",";","FALSE"
"2135","ἐμοὶ","TRUE"
"2136","μὲν","TRUE"
"2137","οὖν","TRUE"
"2138","πλείους","FALSE"
"2139","τῶν","TRUE"
"2140","παρὰ","TRUE"
"2141","τῆς","TRUE"
"2142","ἐκκλησίας","FALSE"
"2143","ἐγκωμίων","FALSE"
"2144","οἶ","FALSE"
"2145","παρὰ","TRUE"
"2146","τῶν","TRUE"
"2147","οἰκείων","FALSE"
"2148","ἐτύγχανον","FALSE"
"2149","ἔπαινοι","FALSE"
"2150","καὶ","TRUE"
"2151","φθόνος","FALSE"
"2152","οὐκ","TRUE"
"2153","ἐνίκα","FALSE"
"2154","τὴν","TRUE"
"2155","εὔνοιαν","FALSE"
"2156",",","FALSE"
"2157","ἐξετάσωμεν","FALSE"
"2158","δ","FALSE"
"2159",",","FALSE"
"2160","εἰ","TRUE"
"2161","δοκεῖ","FALSE"
"2162",",","FALSE"
"2163","καὶ","TRUE"
"2164","τὰς","TRUE"
"2165","τῶν","TRUE"
"2166","δι","FALSE"
"2167","ἐμοῦ","TRUE"
"2168","τετιμη","FALSE"
"2169","μένων","FALSE"
"2170","βουλάς","FALSE"
"2171",",","FALSE"
"2172","πότερον","FALSE"
"2173","ἀεὶ","FALSE"
"2174","τοῖς","TRUE"
"2175","ἐμοῖς","TRUE"
"2176","ἀκολουθεῖν","FALSE"
"2177","ἤθε","FALSE"
"2178","λον","FALSE"
"2179","λογισμοῖς","FALSE"
"2180","ἢ","TRUE"
"2181","στρατηγοῦντι","FALSE"
"2182","μὲν","TRUE"
"2183","ἠκολούθουν","FALSE"
"2184",",","FALSE"
"2185","τυραν","FALSE"
"2186","νεῖν","FALSE"
"2187","δ","FALSE"
"2188","οὐκ","TRUE"
"2189","ἐπέτρεπον","FALSE"
"2190",".","FALSE"
"2191","εἰ","TRUE"
"2192","μὲν","TRUE"
"2193","γὰρ","TRUE"
"2194","τὴν","TRUE"
"2195","ἀσπίδα","FALSE"
"2196","ῥίψας","FALSE"
"2197","ἢ","TRUE"
"2198","δίκην","FALSE"
"2199","ἀσεβείας","FALSE"
"2200","ἁλοὺς","FALSE"
"2201","σωθῆναι","FALSE"
"2202","ταῖς","TRUE"
"2203","τούτων","TRUE"
"2204","ἐδεόμην","FALSE"
"2205","φωναῖς","FALSE"
"2206","καὶ","TRUE"
"2207","ἴσην","FALSE"
"2208","ἀπῄτουν","FALSE"
"2209","τὴν","TRUE"
"2210","χάριν","FALSE"
"2211",",","FALSE"
"2212","πάντα","FALSE"
"2213","αὐ","FALSE"
"2214","τοὺς","TRUE"
"2215","ᾤμην","FALSE"
"2216","προθύμως","FALSE"
"2217","ποιεῖν","FALSE"
"2218","τὴν","TRUE"
"2219","ἐκ","TRUE"
"2220","τῆς","TRUE"
"2221","ἀχαριστίας","FALSE"
"2222","φεύγοντας","FALSE"
"2223","μέμψιν","FALSE"
"2224","·","FALSE"
"2225","εἰ","TRUE"
"2226","δὲ","TRUE"
"2227","δικαίας","FALSE"
"2228","εὐεργεσίας","FALSE"
"2229","αἰσχρὰν","FALSE"
"2230","ἀπῄτουν","FALSE"
"2231","τὴν","TRUE"
"2232","ἀμοιβὴν","FALSE"
"2233","καὶ","TRUE"
"2234","δημοτικῆς","FALSE"
"2235","αὐτοὺς","TRUE"
"2236","ὕβρεως","FALSE"
"2237","ἀπαλλάξας","FALSE"
"2238","τυραννικῆς","FALSE"
"2239","ἔπειθον","FALSE"
"2240","δουλείας","FALSE"
"2241","ἀνέχεσθαι","FALSE"
"2242",",","FALSE"
"2243","πόσοι","FALSE"
"2244","τὴν","TRUE"
"2245","ἐμὴν","TRUE"
"2246","κατέλευον","FALSE"
"2247","κεφαλήν","FALSE"
"2248",",","FALSE"
"2249","πόσοι","FALSE"
"2250","τὰ","TRUE"
"2251","ξίφη","FALSE"
"2252","κατὰ","TRUE"
"2253","τῆς","TRUE"
"2254","ἐμῆς","TRUE"
"2255","ὤθουν","FALSE"
"2256","πλευρᾶς","FALSE"
"2257",".","FALSE"
"2258","καὶ","TRUE"
"2259","τὸ","TRUE"
"2260","δικαίως","FALSE"
"2261","προσῆν","FALSE"
"2262",".","FALSE"
"2263","δευτέροις","FALSE"
"2264","γὰρ","TRUE"
"2265","περιπίπτειν","FALSE"
"2266","οὐκ","TRUE"
"2267","ἐζήτουν","FALSE"
"2268","κακοῖς","FALSE"
"2269","οἱ","TRUE"
"2270","τῶν","TRUE"
"2271","πρώτων","FALSE"
"2272","μόλις","FALSE"
"2273","ἀπαλλαγέντες","FALSE"
"2274",".","FALSE"
"2275","Ὅτι","TRUE"
"2276","μὲν","TRUE"
"2277","οὖν","TRUE"
"2278","τυραννίδος","FALSE"
"2279","ἔχειν","FALSE"
"2280","ἀρχὴν","FALSE"
"2281","οὔτε","TRUE"
"2282","ἤθε","FALSE"
"2283","λον","FALSE"
"2284","οὔτε","TRUE"
"2285","βουλομένῳ","FALSE"
"2286","παρῆν","FALSE"
"2287",",","FALSE"
"2288","ἑτέρας","FALSE"
"2289","ὁ","TRUE"
"2290","λόγος","FALSE"
"2291","οὐ","TRUE"
"2292","δεῖται","FALSE"
"2293","προσθήκης","FALSE"
"2294","·","FALSE"
"2295","εἰ","TRUE"
"2296","δὲ","TRUE"
"2297","δὴ","TRUE"
"2298","καὶ","TRUE"
"2299","τὰ","TRUE"
"2300","μάλιστα","FALSE"
"2301","ταύτην","TRUE"
"2302","εἶχέ","FALSE"
"2303","μου","TRUE"
"2304","τὴν","TRUE"
"2305","νόσον","FALSE"
"2306","ἡ","TRUE"
"2307","γνώμη","FALSE"
"2308","καὶ","TRUE"
"2309","τὴν","TRUE"
"2310","ἀκούσιον","FALSE"
"2311","ἀρχὴν","FALSE"
"2312","τῆς","TRUE"
"2313","ἐκου","FALSE"
"2314","σίου","FALSE"
"2315","προετίμων","FALSE"
"2316","εὐνοίας","FALSE"
"2317",",","FALSE"
"2318","πολλῶν","FALSE"
"2319","ὅπλων","FALSE"
"2320","πρὸς","TRUE"
"2321","ταῦτα","TRUE"
"2322","καὶ","TRUE"
"2323","μεγάλης","FALSE"
"2324","ἐδεόμην","FALSE"
"2325","παρασκευῆς","FALSE"
"2326",".","FALSE"
"2327","ποίας","FALSE"
"2328","οὖν","TRUE"
"2329","ἐμὰς","TRUE"
"2330","κατὰ","TRUE"
"2331","τὴν","TRUE"
"2332","πόλιν","FALSE"
"2333","κεκρυμμένας","FALSE"
"2334","εὗρες","FALSE"
"2335","ἀσπίδας","FALSE"
"2336",";","FALSE"
"2337","ποῦ","FALSE"
"2338","μοι","TRUE"
"2339","τῶν","TRUE"
"2340","τόξων","FALSE"
"2341","αἱ","TRUE"
"2342","ἀποθῆκαι","FALSE"
"2343",";","FALSE"
"2344","ποῦ","FALSE"
"2345","δὲ","TRUE"
"2346","τὰ","TRUE"
"2347","πολλὰ","FALSE"
"2348","συνέκλεισα","FALSE"
"2349","βέλη","FALSE"
"2350",";","FALSE"
"2351","ὅλον","FALSE"
"2352","εἰσελθών","FALSE"
"2353",",","FALSE"
"2354","ἄνθρωπέ","FALSE"
"2355",",","FALSE"
"2356","μου","TRUE"
"2357","περισκόπει","FALSE"
"2358","τὸν","TRUE"
"2359","οἶκον","FALSE"
"2360","κἂν","TRUE"
"2361","τοῦδε","TRUE"
"2362","πλέον","FALSE"
"2363","τοῦ","TRUE"
"2364","θώρακος","FALSE"
"2365","εὕρῃς","FALSE"
"2366",",","FALSE"
"2367","ἔδειξας","FALSE"
"2368","τὴν","TRUE"
"2369","τυ","FALSE"
"2370","ραννίδα","FALSE"
"2371",",","FALSE"
"2372","φεῦ","FALSE"
"2373",",","FALSE"
"2374","ὢ","TRUE"
"2375","τῆς","TRUE"
"2376","πόλεως","FALSE"
"2377",",","FALSE"
"2378","οὐ","TRUE"
"2379","μάτην","FALSE"
"2380","ἐφάνης","FALSE"
"2381","σοφὸς","FALSE"
"2382","ἀναμφίλεκτον","FALSE"
"2383","εὑρὼν","FALSE"
"2384","τῶν","TRUE"
"2385","ἐμῶν","TRUE"
"2386","ἀπορρήτων","FALSE"
"2387","τὸν","TRUE"
"2388","ἔλεγχον","FALSE"
"2389",".","FALSE"
"2390","ταῦτα","TRUE"
"2391","μὲν","TRUE"
"2392","γὰρ","TRUE"
"2393","σαφῆ","FALSE"
"2394","τυραννίδος","FALSE"
"2395","τεκμήρια","FALSE"
"2396",",","FALSE"
"2397","ταῦτα","TRUE"
"2398","τῶν","TRUE"
"2399","κεκτημένων","FALSE"
"2400","ἐλέγχει","FALSE"
"2401","τοὺς","TRUE"
"2402","τρόπους","FALSE"
"2403","·","FALSE"
"2404","εἰ","TRUE"
"2405","δὲ","TRUE"
"2406","τούτων","TRUE"
"2407","εἰπεῖν","FALSE"
"2408","ἔχεις","FALSE"
"2409","οὐδέν","TRUE"
"2410",",","FALSE"
"2411","παῦσαι","FALSE"
"2412","λοιπὸν","FALSE"
"2413","ἐμοὶ","TRUE"
"2414","μείζονα","FALSE"
"2415","μὲν","TRUE"
"2416","τῆς","TRUE"
"2417","δυ","FALSE"
"2418","νάμεως","FALSE"
"2419",",","FALSE"
"2420","ἐναντία","FALSE"
"2421","δὲ","TRUE"
"2422","τῇ","TRUE"
"2423","βουλήσει","FALSE"
"2424","προβαλλόμενος","FALSE"
"2425",".","FALSE"
"2426","Ἀλλ","FALSE"
"2427","ἑτέραν","FALSE"
"2428",",","FALSE"
"2429","φησίν","FALSE"
"2430",",","FALSE"
"2431","αἰτεῖν","FALSE"
"2432","ἔδει","FALSE"
"2433","σε","TRUE"
"2434","δω","FALSE"
"2435","ρεάν","FALSE"
"2436",".","FALSE"
"2437","καὶ","TRUE"
"2438","πόθεν","FALSE"
"2439","ἦν","TRUE"
"2440","μοι","TRUE"
"2441","τοσαῦτα","FALSE"
"2442","τῷ","TRUE"
"2443","δήμῳ","FALSE"
"2444","λυσιτελεῖν","FALSE"
"2445",";","FALSE"
"2446","ποία","FALSE"
"2447","δέ","TRUE"
"2448","μου","TRUE"
"2449","τοὺς","TRUE"
"2450","πολεμίους","FALSE"
"2451","οὕτω","TRUE"
"2452","κατέπληττεν","FALSE"
"2453","αἴτησις","FALSE"
"2454",";","FALSE"
"2455","πολλὴν","FALSE"
"2456","ὁ","TRUE"
"2457","δῆμος","FALSE"
"2458","προσθήκην","FALSE"
"2459","ἐκ","TRUE"
"2460","τῶν","TRUE"
"2461","ἐμῶν","TRUE"
"2462","ἔσχεν","FALSE"
"2463","αἰτή","FALSE"
"2464","σεων","FALSE"
"2465","καὶ","TRUE"
"2466","ἔγωγε","TRUE"
"2467","ἡδέως","FALSE"
"2468","ἂν","TRUE"
"2469","τοῦ","TRUE"
"2470","σοφοῦ","FALSE"
"2471","κατηγόρου","FALSE"
"2472","πυθοί","FALSE"
"2473","μην","FALSE"
"2474","·","FALSE"
"2475","ὅτε","FALSE"
"2476","μεθ","FALSE"
"2477","ἡμῶν","TRUE"
"2478","οἱ","TRUE"
"2479","πολλοὶ","FALSE"
"2480","παρετάττοντο","FALSE"
"2481","φυγάδες","FALSE"
"2482","καὶ","TRUE"
"2483","συναίτιοι","FALSE"
"2484","τῆς","TRUE"
"2485","δευτέρας","FALSE"
"2486","ἡμῖν","TRUE"
"2487","ἐγίνοντο","FALSE"
"2488","νίκης","FALSE"
"2489",",","FALSE"
"2490","πό","FALSE"
"2491","τερα","FALSE"
"2492","καλὴν","FALSE"
"2493","εἶναι","TRUE"
"2494","τὴν","TRUE"
"2495","ἐμὴν","TRUE"
"2496","ὑπελάμβανεν","FALSE"
"2497","αἴτη","FALSE"
"2498","σιν","FALSE"
"2499","καὶ","TRUE"
"2500","δημοτικοὺς","FALSE"
"2501","ἡμᾶς","TRUE"
"2502","μετὰ","TRUE"
"2503","τῶν","TRUE"
"2504","ἄλλων","TRUE"
"2505","ἐκάλει","FALSE"
"2506","ἢ","TRUE"
"2507","μόνος","FALSE"
"2508","τὸν","TRUE"
"2509","τῆς","TRUE"
"2510","τυραννίδος","FALSE"
"2511","ἐμαντεύετο","FALSE"
"2512","πόθον","FALSE"
"2513",";","FALSE"
"2514","εἰ","TRUE"
"2515","μὲν","TRUE"
"2516","γὰρ","TRUE"
"2517","τὴν","TRUE"
"2518","τῶν","TRUE"
"2519","ἀνδρῶν","FALSE"
"2520","προθυμίαν","FALSE"
"2521","ὁρῶν","FALSE"
"2522","τὴν","TRUE"
"2523","τοῦ","TRUE"
"2524","λαβόντος","FALSE"
"2525","ἐπῄνει","FALSE"
"2526","προαίρεσιν","FALSE"
"2527","καὶ","TRUE"
"2528","τὸν","TRUE"
"2529","ψηφιζόμενον","FALSE"
"2530","ἀπε","FALSE"
"2531","δέχετο","FALSE"
"2532","δῆμον","FALSE"
"2533",",","FALSE"
"2534","πῶς","FALSE"
"2535","οὐ","TRUE"
"2536","δεινὰ","FALSE"
"2537","ποιεῖ","FALSE"
"2538","τούτοις","TRUE"
"2539","νῦν","FALSE"
"2540","ἐγκα","FALSE"
"2541","λῶν","FALSE"
"2542","ὧν","TRUE"
"2543","τότε","FALSE"
"2544","τὰς","TRUE"
"2545","πράξεις","FALSE"
"2546","ἐθαύμαζεν","FALSE"
"2547",";","FALSE"
"2548","εἰ","TRUE"
"2549","δὲ","TRUE"
"2550","τὴν","TRUE"
"2551","νίκην","FALSE"
"2552","ὁρῶν","FALSE"
"2553","τοὺς","TRUE"
"2554","συνδράσαντας","FALSE"
"2555","ἐμίσει","FALSE"
"2556","πολίτας","FALSE"
"2557","καὶ","TRUE"
"2558","τὸ","TRUE"
"2559","μόνος","FALSE"
"2560","ἡττᾶσθαι","FALSE"
"2561","τοῦ","TRUE"
"2562","μετὰ","TRUE"
"2563","τούτων","TRUE"
"2564","νικᾶν","FALSE"
"2565","αἱρετώτερον","FALSE"
"2566","ἔκρινε","FALSE"
"2567",",","FALSE"
"2568","πῶς","FALSE"
"2569","οὐκ","TRUE"
"2570","ἔλεγχον","FALSE"
"2571","αὐτὸς","TRUE"
"2572","ταῦτα","TRUE"
"2573","τῆς","TRUE"
"2574","περὶ","TRUE"
"2575","τὸν","TRUE"
"2576","δῆμον","FALSE"
"2577","ἔχει","FALSE"
"2578","κακίας","FALSE"
"2579","καὶ","TRUE"
"2580","τυραννίδος","FALSE"
"2581","ἀπίστου","FALSE"
"2582","κατηγορῶν","FALSE"
"2583","φανερᾶς","FALSE"
"2584","προδοσίας","FALSE"
"2585","φέρεται","FALSE"
"2586","μέμψιν;.","FALSE"
"2587","Ὅτι","TRUE"
"2588","μὲν","TRUE"
"2589","οὖν","TRUE"
"2590","τοῦ","TRUE"
"2591","κοινῇ","FALSE"
"2592","συμφέροντος","FALSE"
"2593","χάριν","FALSE"
"2594","ἡ","TRUE"
"2595","αἴτησις","FALSE"
"2596","γέγονεν","FALSE"
"2597",",","FALSE"
"2598","αἶ","FALSE"
"2599","πολλαὶ","FALSE"
"2600","δι","FALSE"
"2601","ἐμοῦ","TRUE"
"2602","δεδηλώκασι","FALSE"
"2603","νῖκαι","FALSE"
"2604",",","FALSE"
"2605","ἐμοὶ","TRUE"
"2606","δ","FALSE"
"2607","αἰτεῖν","FALSE"
"2608","ὁ","TRUE"
"2609","τῆς","TRUE"
"2610","πόλεως","FALSE"
"2611","δέδωκε","FALSE"
"2612","νόμος","FALSE"
"2613","πάντα","FALSE"
"2614","ἐπι","FALSE"
"2615","τρέπων","FALSE"
"2616","τοῖς","TRUE"
"2617","ἀριστεῦσι","FALSE"
"2618","κατ","FALSE"
"2619","ἐξουσίαν","FALSE"
"2620","λαμβάνειν","FALSE"
"2621",".","FALSE"
"2622","καί","TRUE"
"2623","μοι","TRUE"
"2624","λέγε","FALSE"
"2625","τὸν","TRUE"
"2626","νόμον","FALSE"
"2627","αὐτόν","TRUE"
"2628",".","FALSE"
"2629","Νόμος","FALSE"
"2630","Τοὺς","TRUE"
"2631","δὲ","TRUE"
"2632","ἀριστέας","FALSE"
"2633","λαμβάνειν","FALSE"
"2634","ὅ","TRUE"
"2635","τι","TRUE"
"2636","ἂν","TRUE"
"2637","ἐθέ","FALSE"
"2638","λωσι","FALSE"
"2639","γέρας","FALSE"
"2640",".","FALSE"
"2641","Ἔφθασέ","FALSE"
"2642","σου","TRUE"
"2643","τὴν","TRUE"
"2644","συκοφαντίαν","FALSE"
"2645","ἡ","TRUE"
"2646","πόλις","FALSE"
"2647","νόμῳ","FALSE"
"2648","τὴν","TRUE"
"2649","ἐξουσίαν","FALSE"
"2650","ὁρίσασα","FALSE"
"2651","καὶ","TRUE"
"2652","πολλὰ","FALSE"
"2653","μὲν","TRUE"
"2654","προτείνασα","FALSE"
"2655","πράγματα","FALSE"
"2656",",","FALSE"
"2657","τὸ","TRUE"
"2658","δὲ","TRUE"
"2659","καθ","FALSE"
"2660","ἡδονὴν","FALSE"
"2661","αἱρεῖσθαι","FALSE"
"2662","ποιοῦσα","FALSE"
"2663",".","FALSE"
"2664","σὺ","TRUE"
"2665","δὲ","TRUE"
"2666","τὴν","TRUE"
"2667","ἐξουσίαν","FALSE"
"2668","εἰδὼς","FALSE"
"2669","μέμφῃ","FALSE"
"2670","τὴν","TRUE"
"2671","κρίσιν","FALSE"
"2672","ὥσπερ","FALSE"
"2673","ἢ","TRUE"
"2674","νομοθέτης","FALSE"
"2675","σοφώτερος","FALSE"
"2676","ὢν","TRUE"
"2677","ἢ","TRUE"
"2678","μεγάλα","FALSE"
"2679","βλέπων","FALSE"
"2680","τὴν","TRUE"
"2681","πόλιν","FALSE"
"2682","ἐκ","TRUE"
"2683","τῆς","TRUE"
"2684","ἐμῆς","TRUE"
"2685","ἠδικημένην","FALSE"
"2686","αἰτήσεως","FALSE"
"2687","καὶ","TRUE"
"2688","οὐδὲ","TRUE"
"2689","ἐκεῖνο","FALSE"
"2690","λογίζῃ","FALSE"
"2691","ὅτι","TRUE"
"2692","τὴν","TRUE"
"2693","ἐμὴν","TRUE"
"2694","μεμφόμενος","FALSE"
"2695","αἴτησιν","FALSE"
"2696","τὴν","TRUE"
"2697","τῆς","TRUE"
"2698","πόλεως","FALSE"
"2699","φιλοτι","FALSE"
"2700","μίαν","FALSE"
"2701","ὑβρίζεις","FALSE"
"2702","καὶ","TRUE"
"2703","μνησικακεῖν","FALSE"
"2704","ἀναγκάζεις","FALSE"
"2705","τοὺς","TRUE"
"2706","ἑκουσίως","FALSE"
"2707","ἐπιλελησμένους","FALSE"
"2708",".","FALSE"
"2709","τί","TRUE"
"2710","δ","FALSE"
"2711","ἂν","TRUE"
"2712","οἱ","TRUE"
"2713","πολέμιοι","FALSE"
"2714","βλέπειν","FALSE"
"2715","εὔξαιντο","FALSE"
"2716","μεῖζον","FALSE"
"2717","ἢ","TRUE"
"2718","παλαιῶν","FALSE"
"2719","ἡμᾶς","TRUE"
"2720","μεμνημένους","FALSE"
"2721","ἀδικη","FALSE"
"2722","μάτων","FALSE"
"2723","τῆς","TRUE"
"2724","νεωτέρας","FALSE"
"2725","ἐπιλανθάνεσθαι","FALSE"
"2726","χάριτος","FALSE"
"2727","καὶ","TRUE"
"2728","τὸν","TRUE"
"2729","κατ","FALSE"
"2730","ἐκείνων","FALSE"
"2731","θυμὸν","FALSE"
"2732","εἰς","TRUE"
"2733","τοὺς","TRUE"
"2734","οἰκείους","FALSE"
"2735","ἐκδαπανῶντας","FALSE"
"2736","πολίτας;.","FALSE"
"2737","Τῆς","TRUE"
"2738","μὲν","TRUE"
"2739","οὖν","TRUE"
"2740","ἐμῆς","TRUE"
"2741","πολιτείας","FALSE"
"2742","μάρτυρες","FALSE"
"2743","πολλοὶ","FALSE"
"2744","γεγόνασι","FALSE"
"2745","χρόνοι","FALSE"
"2746",",","FALSE"
"2747","ὁ","TRUE"
"2748","δὲ","TRUE"
"2749","οὐδὲν","TRUE"
"2750","ἕτερον","FALSE"
"2751","ἔχων","FALSE"
"2752","ἢ","TRUE"
"2753","ὅσα","FALSE"
"2754","δι","FALSE"
"2755","καίως","FALSE"
"2756","ἔπραξα","FALSE"
"2757","λέγειν","FALSE"
"2758","αὖθις","FALSE"
"2759","τὴν","TRUE"
"2760","αὐτὴν","TRUE"
"2761","ἀναβοήσει","FALSE"
"2762","φω","FALSE"
"2763","νήν","FALSE"
"2764","·","FALSE"
"2765","ἀλλ᾿","FALSE"
"2766","οἱ","TRUE"
"2767","τυραννίδος","FALSE"
"2768",",","FALSE"
"2769","φησίαν","FALSE"
"2770",",","FALSE"
"2771","ἐπιθυμοῦντες","FALSE"
"2772","φυγάδας","FALSE"
"2773","καὶ","TRUE"
"2774","ἀτίμους","FALSE"
"2775","καὶ","TRUE"
"2776","δεσμώτας","FALSE"
"2777","εὐεργετοῦσι","FALSE"
"2778","συνωμότας","FALSE"
"2779","ἔχειν","FALSE"
"2780","αὐτοὺς","TRUE"
"2781","τῆς","TRUE"
"2782","κακίας","FALSE"
"2783","βουλόμενοι","FALSE"
"2784",".","FALSE"
"2785","τί","TRUE"
"2786","δὲ","TRUE"
"2787","οἱ","TRUE"
"2788","τὸν","TRUE"
"2789","δῆμον","FALSE"
"2790","ἀγαπῶντες","FALSE"
"2791","πράττουσιν","FALSE"
"2792","ἄνθρω","FALSE"
"2793","ποι","FALSE"
"2794","κινδύνων","FALSE"
"2795","ἐλπιζομένων","FALSE"
"2796","μεγάλων","FALSE"
"2797",";","FALSE"
"2798","οὐ","TRUE"
"2799","συμμάχους","FALSE"
"2800","ἀγείρουσιν","FALSE"
"2801",";","FALSE"
"2802","οὐ","TRUE"
"2803","παρακαλοῦσι","FALSE"
"2804","τοὺς","TRUE"
"2805","ἀμελεῖς","FALSE"
"2806",";","FALSE"
"2807","οὐ","TRUE"
"2808","πάντας","FALSE"
"2809","παντὶ","FALSE"
"2810","πολεμεῖν","FALSE"
"2811","παρασκευάζουσι","FALSE"
"2812","σθένει","FALSE"
"2813",";","FALSE"
"2814","ἐγὼ","TRUE"
"2815","μὲν","TRUE"
"2816","ἐμῆς","TRUE"
"2817","ταῦτα","TRUE"
"2818","τῆς","TRUE"
"2819","κοινῆς","FALSE"
"2820","χάριν","FALSE"
"2821","ᾔτησα","FALSE"
"2822","χρείας","FALSE"
"2823","καὶ","TRUE"
"2824","τῆς","TRUE"
"2825","καὶ","TRUE"
"2826","ὁ","TRUE"
"2827","δῆμος","FALSE"
"2828","ἀπήλαυσεν","FALSE"
"2829","εὐνοίας","FALSE"
"2830","συμμάχους","FALSE"
"2831","ἀγαθοὺς","FALSE"
"2832","ἐπὶ","TRUE"
"2833","τῆς","TRUE"
"2834","ἀνάγκης","FALSE"
"2835","τοὺς","TRUE"
"2836","ἀφεθέντας","FALSE"
"2837","εὑρών","FALSE"
"2838",",","FALSE"
"2839","σὺ","TRUE"
"2840","δὲ","TRUE"
"2841","μίαν","FALSE"
"2842","πᾶσι","FALSE"
"2843","παρέχεις","FALSE"
"2844","προαίρεσιν","FALSE"
"2845","καὶ","TRUE"
"2846","μόνος","FALSE"
"2847","ἑκὼν","FALSE"
"2848","ἀγνοεῖς","FALSE"
"2849","ὡς","TRUE"
"2850","οἱ","TRUE"
"2851","μὲν","TRUE"
"2852","τυραννεῖν","FALSE"
"2853","ἐπιχειροῦντες","FALSE"
"2854","τοιούτων","TRUE"
"2855","δέονται","FALSE"
"2856","συμ","FALSE"
"2857","μάχων","FALSE"
"2858",",","FALSE"
"2859","οὐ","TRUE"
"2860","μὴν","FALSE"
"2861","οἱ","TRUE"
"2862","διὰ","TRUE"
"2863","τὴν","TRUE"
"2864","χρείαν","FALSE"
"2865","τοιούτους","TRUE"
"2866","τι","TRUE"
"2867","δήμῳ","FALSE"
"2868","περιποιοῦντες","FALSE"
"2869","συμμάχους","FALSE"
"2870","τυραννίδος","FALSE"
"2871","ἐρῶσιν","FALSE"
"2872",",","FALSE"
"2873","ἀλλὰ","TRUE"
"2874","καὶ","TRUE"
"2875","φιλανθρωπίας","FALSE"
"2876","χάριν","FALSE"
"2877","καὶ","TRUE"
"2878","σωτηρίας","FALSE"
"2879","ἕνεκα","FALSE"
"2880","τοῦ","TRUE"
"2881","δήμου","FALSE"
"2882","ταῦτα","TRUE"
"2883","καὶ","TRUE"
"2884","τὰ","TRUE"
"2885","τοιαῦτα","TRUE"
"2886","φιλοπόλιδες","FALSE"
"2887","πράττουσιν","FALSE"
"2888","ἄνθρω","FALSE"
"2889","ποι","FALSE"
"2890",".","FALSE"
"2891","μὴ","TRUE"
"2892","τοίνυν","FALSE"
"2893","τὰς","TRUE"
"2894","τῶν","TRUE"
"2895","τυράννων","FALSE"
"2896","βουλὰς","FALSE"
"2897","ἐπὶ","TRUE"
"2898","τὴν","TRUE"
"2899","ἐμὴν","TRUE"
"2900","ἄγε","FALSE"
"2901","προαίρεσιν","FALSE"
"2902",",","FALSE"
"2903","ἀλλὰ","TRUE"
"2904","σκόπει","FALSE"
"2905","τὰς","TRUE"
"2906","νίκας","FALSE"
"2907","πόσαι","FALSE"
"2908","καὶ","TRUE"
"2909","διὰ","TRUE"
"2910","τίνων","TRUE"
"2911","καὶ","TRUE"
"2912","τίνος","TRUE"
"2913","γεγόνασι","FALSE"
"2914","χάριν","FALSE"
"2915",".","FALSE"
"2916","εἰ","TRUE"
"2917","μὲν","TRUE"
"2918","γὰρ","TRUE"
"2919","μνησικακοῦντες","FALSE"
"2920","τοῖς","TRUE"
"2921","τετιμηκόσιν","FALSE"
"2922","ἐφαίνοντο","FALSE"
"2923","καὶ","TRUE"
"2924","τῶν","TRUE"
"2925","κοινῶν","FALSE"
"2926","οὐ","TRUE"
"2927","μετέχοντες","FALSE"
"2928","κινδύνων","FALSE"
"2929","οὐδὲ","TRUE"
"2930","λύσιν","FALSE"
"2931","τοῦ","TRUE"
"2932","μίσους","FALSE"
"2933","τὴν","TRUE"
"2934","ἑκούσιον","FALSE"
"2935","νομίζοντες","FALSE"
"2936","ἄφεσιν","FALSE"
"2937",",","FALSE"
"2938","εἶχεν","FALSE"
"2939","ἂν","TRUE"
"2940","ἡ","TRUE"
"2941","ὑποψία","FALSE"
"2942","λόγον","FALSE"
"2943","τὴν","TRUE"
"2944","μελετωμένην","FALSE"
"2945","προβλέπουσα","FALSE"
"2946","κακίαν","FALSE"
"2947","·","FALSE"
"2948","εἰ","TRUE"
"2949","δὲ","TRUE"
"2950","πολλὰ","FALSE"
"2951","μὲν","TRUE"
"2952","οὗτοι","TRUE"
"2953","ποιεῖν","FALSE"
"2954",",","FALSE"
"2955","πολλὰ","FALSE"
"2956","δέ","TRUE"
"2957",",","FALSE"
"2958","εἰ","TRUE"
"2959","δέοι","FALSE"
"2960",",","FALSE"
"2961","παθεῖν","FALSE"
"2962","διὰ","TRUE"
"2963","τὸν","TRUE"
"2964","τιμήσαντα","FALSE"
"2965","δῆμον","FALSE"
"2966","ᾑροῦντο","FALSE"
"2967","καὶ","TRUE"
"2968","ὧν","TRUE"
"2969","μὲν","TRUE"
"2970","ἔπαθον","FALSE"
"2971","ἐπελάθοντο","FALSE"
"2972",",","FALSE"
"2973","τὰ","TRUE"
"2974","δὲ","TRUE"
"2975","τῆς","TRUE"
"2976","πόλεως","FALSE"
"2977","ᾠκειοῦντο","FALSE"
"2978","δει","FALSE"
"2979","νά","FALSE"
"2980",",","FALSE"
"2981","τί","TRUE"
"2982","τυραννίδος","FALSE"
"2983","ὑπηρέτας","FALSE"
"2984","καλεῖς","FALSE"
"2985","τοὺς","TRUE"
"2986","κοινὴν","FALSE"
"2987","σωτη","FALSE"
"2988","ρίαν","FALSE"
"2989","ἐκ","TRUE"
"2990","τῶν","TRUE"
"2991","ἰδίων","FALSE"
"2992","ἀνύσαντας","FALSE"
"2993","πόνων;.","FALSE"
"2994","Ὅτι","TRUE"
"2995","δὲ","TRUE"
"2996","πίστιν","FALSE"
"2997","ὁ","TRUE"
"2998","τῆς","TRUE"
"2999","κατηγορίας","FALSE"
"3000","οὐκ","TRUE"
"3001","ἔχει","FALSE"
"3002","λόγος","FALSE"
"3003","ἐκεῖθεν","FALSE"
"3004","ἂν","TRUE"
"3005","μάλιστα","FALSE"
"3006","θεωρήσαιτε","FALSE"
"3007",".","FALSE"
"3008","εἰ","TRUE"
"3009","γὰρ","TRUE"
"3010","τῶν","TRUE"
"3011","πολεμίων","FALSE"
"3012","τὸ","TRUE"
"3013","πρῶτον","FALSE"
"3014","περικαθημένων","FALSE"
"3015","ἡμᾶς","TRUE"
"3016","καὶ","TRUE"
"3017","τοῦ","TRUE"
"3018","δήμου","FALSE"
"3019","περὶ","TRUE"
"3020","τῆς","TRUE"
"3021","μελλούσης","FALSE"
"3022","ἐκκλησιάζοντος","FALSE"
"3023","μάχης","FALSE"
"3024","καὶ","TRUE"
"3025","ὅθεν","FALSE"
"3026","περιέσται","FALSE"
"3027","ζητοῦντος","FALSE"
"3028","τῶν","TRUE"
"3029","σοφῶν","FALSE"
"3030","τις","TRUE"
"3031","ἀναστὰς","FALSE"
"3032","ῥητόρων","FALSE"
"3033","καὶ","TRUE"
"3034","τὴν","TRUE"
"3035","ἐμὴν","TRUE"
"3036","μιμούμενος","FALSE"
"3037","πρόνοιαν","FALSE"
"3038","μίαν","FALSE"
"3039","εἰσηγεῖτο","FALSE"
"3040","τῷ","TRUE"
"3041","δήμῳ","FALSE"
"3042","νίκης","FALSE"
"3043","ἐλπίδα","FALSE"
"3044","τὴν","TRUE"
"3045","τῶν","TRUE"
"3046","φυγάδων","FALSE"
"3047","ἐπάνοδον","FALSE"
"3048",",","FALSE"
"3049","τί","TRUE"
"3050","ποιεῖν","FALSE"
"3051","ἂν","TRUE"
"3052","ἢ","TRUE"
"3053","τί","TRUE"
"3054","λέγειν","FALSE"
"3055","τὸν","TRUE"
"3056","σοφὸν","FALSE"
"3057","οἴεσθε","FALSE"
"3058","τοῦτον","TRUE"
"3059",";","FALSE"
"3060","εἰ","TRUE"
"3061","μὲν","TRUE"
"3062","γὰρ","TRUE"
"3063","ἀντέλεγε","FALSE"
"3064","καὶ","TRUE"
"3065","τὴν","TRUE"
"3066","ὁμόνοιαν","FALSE"
"3067","κατεμέμφετο","FALSE"
"3068",",","FALSE"
"3069","πῶς","FALSE"
"3070","οὐ","TRUE"
"3071","κώλυ","FALSE"
"3072","μα","FALSE"
"3073","τῆς","TRUE"
"3074","κοινῆς","FALSE"
"3075","σωτηρίας","FALSE"
"3076","ἐγίνετο","FALSE"
"3077",";","FALSE"
"3078","εἰ","TRUE"
"3079","δὲ","TRUE"
"3080","τὸ","TRUE"
"3081","λεχθὲν","FALSE"
"3082","ἀπε","FALSE"
"3083","δέχετο","FALSE"
"3084","καὶ","TRUE"
"3085","δημοτικὸν","FALSE"
"3086","ἐκάλει","FALSE"
"3087","τὸν","TRUE"
"3088","ῥήτορα","FALSE"
"3089",",","FALSE"
"3090","πῶς","FALSE"
"3091","οὐκ","TRUE"
"3092","ἄτοπον","FALSE"
"3093","ἐπαινεῖν","FALSE"
"3094","μὲν","TRUE"
"3095","πρὸ","FALSE"
"3096","τῆς","TRUE"
"3097","πείρας","FALSE"
"3098","τὸ","TRUE"
"3099","πρᾶγμα","FALSE"
"3100",",","FALSE"
"3101","μετὰ","TRUE"
"3102","δὲ","TRUE"
"3103","τὴν","TRUE"
"3104","νίκην","FALSE"
"3105","κατηγορεῖν;.","FALSE"
"3106","Εἰ","TRUE"
"3107","μὲν","TRUE"
"3108","οὖν","TRUE"
"3109","οἱ","TRUE"
"3110","πολλὰ","FALSE"
"3111","λέγειν","FALSE"
"3112","παρ","FALSE"
"3113","ὑμῖν","TRUE"
"3114","εἰδότες","FALSE"
"3115","τῶν","TRUE"
"3116","πολλὰ","FALSE"
"3117","πράττειν","FALSE"
"3118","ὑπὲρ","TRUE"
"3119","ὑμῶν","TRUE"
"3120","δυναμένων","FALSE"
"3121","ἰσχύουσι","FALSE"
"3122","πλέον","FALSE"
"3123",",","FALSE"
"3124","παραχωρῶ","FALSE"
"3125","τῷ","TRUE"
"3126","κατηγόρῳ","FALSE"
"3127","καὶ","TRUE"
"3128","φέρω","FALSE"
"3129","τὴν","TRUE"
"3130","τύχην","FALSE"
"3131","ἀλύπως","FALSE"
"3132","παρὰ","TRUE"
"3133","τὰ","TRUE"
"3134","τῆς","TRUE"
"3135","πόλεως","FALSE"
"3136","κολαζόμενος","FALSE"
"3137","τρόπαια","FALSE"
"3138","·","FALSE"
"3139","εἰ","TRUE"
"3140","δὲ","TRUE"
"3141","δίκης","FALSE"
"3142","ὑμῖν","TRUE"
"3143","καὶ","TRUE"
"3144","νόμων","FALSE"
"3145","ἀρχαίων","FALSE"
"3146","καὶ","TRUE"
"3147","πολίτου","FALSE"
"3148","μέλει","FALSE"
"3149","χρηστοῦ","FALSE"
"3150",",","FALSE"
"3151","ἡδέως","FALSE"
"3152","ἂν","TRUE"
"3153","ὑμῶν","TRUE"
"3154","πυθοίμην","FALSE"
"3155","·","FALSE"
"3156","τίνων","TRUE"
"3157","ὑμεῖς","TRUE"
"3158","ἀδελφοί","FALSE"
"3159",",","FALSE"
"3160","τίνων","TRUE"
"3161","δὲ","TRUE"
"3162","γεγόνατε","FALSE"
"3163","πατέρες","FALSE"
"3164",";","FALSE"
"3165","εἰ","TRUE"
"3166","μὲν","TRUE"
"3167","γὰρ","TRUE"
"3168","τῶν","TRUE"
"3169","ἀφεθέντων","FALSE"
"3170",",","FALSE"
"3171","ἐπὶ","TRUE"
"3172","τῆς","TRUE"
"3173","αὑτῶν","TRUE"
"3174","ἕκαστ","FALSE"
"3175","ὃς","TRUE"
"3176","οἰκίας","FALSE"
"3177","τοὺς","TRUE"
"3178","ἐμοὺς","TRUE"
"3179","ἔχετε","FALSE"
"3180","συνηγόρους","FALSE"
"3181","·","FALSE"
"3182","εἰ","TRUE"
"3183","δὲ","TRUE"
"3184","τῶν","TRUE"
"3185","σωθέντων","FALSE"
"3186",",","FALSE"
"3187","τὰς","TRUE"
"3188","ἐμὰς","TRUE"
"3189","ἐρυθριάσατε","FALSE"
"3190","νίκας","FALSE"
"3191",",","FALSE"
"3192","τὸν","TRUE"
"3193","τιμήσαντα","FALSE"
"3194","ζηλώσατε","FALSE"
"3195","δῆ","FALSE"
"3196","μον","FALSE"
"3197",",","FALSE"
"3198","τοὺς","TRUE"
"3199","τὴν","TRUE"
"3200","ἐξουσίαν","FALSE"
"3201","δεδωκότας","FALSE"
"3202","φυλάξατε","FALSE"
"3203","νόμους","FALSE"
"3204","καὶ","TRUE"
"3205","δείξατε","FALSE"
"3206","πᾶσιν","FALSE"
"3207","ὅτι","TRUE"
"3208","μόνος","FALSE"
"3209","τῶν","TRUE"
"3210","ἀριστέων","FALSE"
"3211","εὐσεβείᾳ","FALSE"
"3212","τὴν","TRUE"
"3213","ἀνδρίαν","FALSE"
"3214","ἐκόσμησα","FALSE"
"3215","οὔτε","TRUE"
"3216","ὑπὸ","TRUE"
"3217","τῶν","TRUE"
"3218","πολεμίων","FALSE"
"3219","κακῶς","FALSE"
"3220","τοὺς","TRUE"
"3221","ἐντίμους","FALSE"
"3222","παθεῖν","FALSE"
"3223","οὔτε","TRUE"
"3224","ὑπὸ","TRUE"
"3225","τῶν","TRUE"
"3226","ἐντίμων","FALSE"
"3227","τοὺς","TRUE"
"3228","ἀτυχεῖς","FALSE"
"3229","ἐάσας","FALSE"
"3230","πολίτας","FALSE"
"3231",".","FALSE"
