"ID","TOKEN","LEMMA"
"1","ΠΕΡΙ","περί"
"2","ΠΝΕΥΜΑΤΟΣ","ΠΝΕΥΜΑΤΟΣ"
"3",".","."
"4","ΤΙΣ","ΤΙΣ"
"5","ἡ","ὁ"
"6","τοῦ","ὁ"
"7","ἐμφύτου","ἔμφυτος"
"8","πνεύματος","πνεῦμα"
"9","διαμονή","διαμονή"
"10",",",","
"11","καὶ","καί"
"12","τίς","τίς"
"13","ἡ","ὁ"
"14","αὔξησις","αὔξησις"
"15",";",";"
"16","Ὁρῶμεν","Ὁρῶμεν"
"17","γὰρ","γάρ"
"18","ὅτι","ὅτι"
"19","πλέον","πολύς"
"20","καὶ","καί"
"21","ἰσχυρότερον","ἰσχυρός"
"22","γίνεται","γίγνομαι"
"23","καὶ","καί"
"24","καθ","καθ"
"25","ἡλικίας","ἡλικία"
"26","μεταβολὴν","μεταβολή"
"27","καὶ","καί"
"28","κατὰ","κατά"
"29","διάθεσιν","διάθεσις"
"30","σώματος","σῶμα"
"31",".","."
"32","Ἢ","ἤ"
"33","ὡς","ὡς"
"34","τἆ","τἆ"
"35","λλα","λλα"
"36","μέρη","μέρος"
"37",",",","
"38","προσγινομένου","προσγινομένου"
"39","τινός","τίς"
"40",".","."
"41","Προσγίνεται","Προσγίνετης"
"42","δὲ","δέ"
"43","τροφὴ","τροφή"
"44","τοῖς","ὁ"
"45","ἐμψύχοις","ἔμψυχος"
"46",",",","
"47","ὥστε","ὥστε"
"48","ταύτην","οὗτος"
"49","σκεπτέον","σκοπέω"
"50","ποία","ποῖος"
"51","τε","τε"
"52","καὶ","καί"
"53","πόθεν","πόθεν"
"54",".","."
"55","Δύο","δύο"
"56","δὴ","δή"
"57","τρόποι","τρόπος"
"58","δι","δι"
"59","ὧν","ὅς"
"60","γίνεται","γίγνομαι"
"61",",",","
"62","ἢ","ἤ"
"63","διὰ","διά"
"64","τῆς","ὁ"
"65","ἀναπνοῆς","ἀναπνοή"
"66",",",","
"67","ἢ","ἤ"
"68","διὰ","διά"
"69","τῆς","ὁ"
"70","κατὰ","κατά"
"71","τὴν","ὁ"
"72","τῆς","ὁ"
"73","τροφῆς","τροφή"
"74","προσφορὰν","προσφορός"
"75","πέψεως","πέψις"
"76",",",","
"77","καθάπερ","καθάπερ"
"78","τοῖς","ὁ"
"79","ἄλλοις","ἄλλος"
"80",".","."
"81","Τούτων","οὗτος"
"82","ἴσως","ἴσως"
"83","οὐχ","οὐ"
"84","ἧττον","ἥσσων"
"85","ἂν","ἄν"
"86","οὐχ","οὐ"
"87","οὕτω","οὕτως"
"88","δόξειεν","δοκέω"
"89","διὰ","διά"
"90","τῆς","ὁ"
"91","τροφῆς","τροφή"
"92","·","·"
"93","σῶμα","σῶμα"
"94","γὰρ","γάρ"
"95","ὑπὸ","ὑπό"
"96","σώματος","σῶμα"
"97","τρέφεται","τρέφω"
"98",",",","
"99","τὸ","ὁ"
"100","δὲ","δέ"
"101","πνεῦμα","πνεῦμα"
"102","σῶμα","σῶμα"
"103",".","."
"104","Τίς","τίς"
"105","οὖν","οὖν"
"106","ὁ","ὁ"
"107","τρόπος","τρόπος"
"108",";",";"
"109","Ἢ","ἤ"
"110","δῆλον","δῆλος"
"111","ὡς","ὡς"
"112","ἐκ","ἐκ"
"113","τῆς","ὁ"
"114","φλεβὸς","φλέψ"
"115","ὁλκῇ","ὁλκέω"
"116","τινὶ","τίς"
"117","καὶ","καί"
"118","πέψει","πέσσω"
"119",".","."
"120","Τὸ","ὁ"
"121","γὰρ","γάρ"
"122","αἷμα","αἷμα"
"123","ἡ","ὁ"
"124","ἐσχάτη","ἔσχατος"
"125","τροφὴ","τροφή"
"126","καὶ","καί"
"127","ἡ","ὁ"
"128","αὐτὴ","αὐτός"
"129","πᾶσιν","πᾶς"
"130",".","."
"131","Ὥσπερ","Ὥσπερ"
"132","οὖν","οὖν"
"133","καὶ","καί"
"134","εἰς","εἰς"
"135","τὸ","ὁ"
"136","ἀγγεῖον","ἀγγεῖον"
"137","αὐτοῦ","αὐτός"
"138","καὶ","καί"
"139","εἰς","εἰς"
"140","τὸ","ὁ"
"141","περιεχόμενον","περιέχω"
"142","λαμβάνει","λαμβάνω"
"143","τροφὴν","τροφή"
"144","εἰς","εἰς"
"145","τὸ","ὁ"
"146","θερμόν","θερμός"
"147",".","."
"148","Ἄγει","ἄγω"
"149","δ","δ"
"150","ὁ","ὁ"
"151","ἀὴρ","ἀήρ"
"152","τὴν","ὁ"
"153","ἐνέργειαν","ἐνέργεια"
"154","ποιῶν","ποιέω"
"155",",",","
"156","τήν","ὁ"
"157","τε","τε"
"158","πεπτικὴν","πεπτικός"
"159","αὐτὸς","αὐτός"
"160","αὑτῷ","ἑαυτοῦ"
"161","προστιθεὶς","προστίθημι"
"162","αὔξει","αὐξάνω"
"163","καὶ","καί"
"164","τρέφει","τρέφω"
"165",".","."
"166","Οὐδὲν","οὐδείς"
"167","δ","ΑΒΓ"
"168","ἴσως","ἴσως"
"169","ἄτοπον","ἄτοπος"
"170","αὐτό","αὐτός"
"171","γε","γε"
"172","τοῦτο","οὗτος"
"173",",",","
"174","ἀλλὰ","ἀλλά"
"175","γενέσθαι","γίγνομαι"
"176","τὸ","ὁ"
"177","πρῶτον","πρῶτος"
"178","ἐκ","ἐκ"
"179","τῆς","ὁ"
"180","τροφῆς","τροφή"
"181",".","."
"182","Καθαρώτερον","Καθαρώτερος"
"183","γὰρ","γάρ"
"184","ὃ","ὁ"
"185","τῇ","ὁ"
"186","ψυχῇ","ψυχή"
"187","συμφυές","συμφυές"
"188",",",","
"189","εἰ","εἰ"
"190","μὴ","μή"
"191","καὶ","καί"
"192","τὴν","ὁ"
"193","ψυχὴν","ψυχή"
"194","ὕστερον","ὕστερος"
"195","λέγοι","λέγω"
"196","γίνεσθαι","γίγνομαι"
"197",",",","
"198","διακρινομένων","διακρίνω"
"199","τῶν","ὁ"
"200","σπερμάτων","σπέρμα"
"201","καὶ","καί"
"202","εἰς","εἰς"
"203","φύσιν","φύσις"
"204","ἰόντων","εἶμι"
"205",".","."
"206","Εἴτε","Εἴτες"
"207","περίττωμα","περίσσωμα"
"208","πάσης","πᾶς"
"209","τροφῆς","τροφή"
"210","ἐστί","εἰμί"
"211",",",","
"212","ποίᾳ","ποῖος"
"213","διαπέμπεται","διαπέμπεται"
"214","τοῦτο","οὗτος"
"215",";",";"
"216","Κατὰ","κατά"
"217","μὲν","μέν"
"218","γὰρ","γάρ"
"219","τὴν","ὁ"
"220","ἐκπνοὴν","ἐκπνοή"
"221","οὐκ","οὐ"
"222","εὔλογον","εὔλογος"
"223","·","·"
"224","ἀντιλαμβάνει","ἀντιλαμβάνω"
"225","γὰρ","γάρ"
"226","εὐθύς","εὐθύς"
"227",".","."
"228","Λοιπὸν","λοιπός"
"229","δὲ","δέ"
"230","δῆλον","δῆλος"
"231","ὅτι","ὅτι"
"232","διὰ","διά"
"233","τῶν","ὁ"
"234","τῆς","ὁ"
"235","ἀρτηρίας","ἀρτηρία"
"236","πόρων","πόρος"
"237",".","."
"238","Τὸ","ὁ"
"239","δ","ΑΒΓ"
"240","ἐκκρινόμενον","ἐκκρινόμενον"
"241","ἤτοι","ἤτοι"
"242","λεπτότερον","λεπτός"
"243","ἢ","ἤ"
"244","παχύτερον","παχύς"
"245",".","."
"246","Ἀμφοτέρως","Ἀμφότερος"
"247","δ","δ"
"248","ἄτοπον","ἄτοπος"
"249",",",","
"250","εἰ","εἰ"
"251","τοῦτο","οὗτος"
"252","πάντων","πᾶς"
"253","ἔσται","εἰμί"
"254","καθαρώτατον","καθαρός"
"255",".","."
"256","Εἰ","εἰ"
"257","δὲ","δέ"
"258","παχύτερον","παχύς"
"259",",",","
"260","ἔσονταί","εἰμί"
"261","ταί","ὁ"
"262","τινες","τίς"
"263","πόροι","πορεῖν"
"264","μείζους","μέγας"
"265",".","."
"266","Εἰ","εἰ"
"267","δ","δ"
"268","ἄρα","ἆρα"
"269","κατὰ","κατά"
"270","τοὺς","ὁ"
"271","αὐτοὺς","αὐτός"
"272","λαμβάνει","λαμβάνω"
"273","καὶ","καί"
"274","ἐκπέμπει","ἐκπέμπω"
"275",",",","
"276","τοῦτ","τοῦτ"
"277","αὐτὸ","αὐτός"
"278","παράλογον","παράλογος"
"279","καὶ","καί"
"280","ἄτοπον","ἄτοπος"
"281",".","."
"282","Ἡ","ὁ"
"283","μὲν","μέν"
"284","οὖν","οὖν"
"285","ἐκ","ἐκ"
"286","τῆς","ὁ"
"287","τροφῆς","τροφή"
"288","αὔξησις","αὔξησις"
"289","καὶ","καί"
"290","διαμονὴ","διαμονή"
"291","σχεδὸν","σχεδόν"
"292","ταῦτα","οὗτος"
"293",".","."
"294","Ἡ","ὁ"
"295","δ","δ"
"296","ἐκ","ἐκ"
"297","τῆς","ὁ"
"298","ἀναπνοῆς","ἀναπνοή"
"299",",",","
"300","ὥσπερ","ὥσπερ"
"301","Ἀριστογένης","Ἀριστογένης"
"302","οἴεται","οἴομαι"
"303","τροφὴν","τροφή"
"304","γὰρ","γάρ"
"305","οἴεται","οἴομαι"
"306","καὶ","καί"
"307","τὸ","ὁ"
"308","πνεῦμα","πνεῦμα"
"309","πεττόμενον","πεττόμενος"
"310",",",","
"311","οὐ","οὐ"
"312","τοῦ","ὁ"
"313","ἀέρος","ἀήρ"
"314","ἐν","ἐν"
"315","τῷ","ὁ"
"316","πνεύματι","πνεῦμα"
"317","·","·"
"318","τοῦτο","οὗτος"
"319","δ","δ"
"320","εἰς","εἰς"
"321","τὰ","ὁ"
"322","ἀγγεῖα","ἀγγεῖον"
"323","διαδίδοσθαι","διαδίδοσθαι"
"324",",",","
"325","τὸ","ὁ"
"326","περίττωμα","περίσσωμα"
"327","πάλιν","πάλιν"
"328","ἐκπέμπεσθαι","ἐκπέμπω"
"329","πλείους","πολύς"
"330","ἔχει","ἔχω"
"331","τὰς","ὁ"
"332","ἀπορίας","ἀπορία"
"333",".","."
"334","Ἥ","ὅς"
"335","τε","τε"
"336","γὰρ","γάρ"
"337","πέψις","πέψις"
"338","ὑπὸ","ὑπό"
"339","τίνος","τίς"
"340",";",";"
"341","Εἰκὸς","Εἰκός"
"342","μὲν","μέν"
"343","γὰρ","γάρ"
"344","ὑπ","ὑπ"
"345","αὐτοῦ","αὐτός"
"346",",",","
"347","καθάπερ","καθάπερ"
"348","καὶ","καί"
"349","τῶν","ὁ"
"350","ἄλλων","ἄλλος"
"351",".","."
"352","Αὐτὸ","Αὐτός"
"353","δὲ","δέ"
"354","τοῦτ","τοῦτ"
"355","ἄτοπον","ἄτοπος"
"356",",",","
"357","εἰ","εἰ"
"358","μὴ","μή"
"359","διαφέρει","διαφέρω"
"360","τοῦ","ὁ"
"361","ἔξω","ἔξω"
"362","ἀέρος","ἀήρ"
"363","·","·"
"364","οὕτω","οὕτως"
"365","δ","δ"
"366","ἡ","ὁ"
"367","θερμότης","θερμότης"
"368","ἂν","ἄν"
"369","πέττοι","πέττος"
"370",".","."
"371","Καὶ","καί"
"372","μὴν","μείς"
"373","καὶ","καί"
"374","παχύτερον","παχύς"
"375","αὐτὸν","αὐτός"
"376","εὔλογον","εὔλογος"
"377","εἶναι","εἰμί"
"378","μεθ","μημθ"
"379","ὑγρότητος","ὑγρότης"
"380","τῆς","ὁ"
"381","ἀπὸ","ἀπό"
"382","τῶν","ὁ"
"383","ἀγγείων","ἀγγεῖον"
"384","ὄντα","εἰμί"
"385","καὶ","καί"
"386","τῶν","ὁ"
"387","ὅλων","ὅλος"
"388","ὄγκων","ὄγκος"
"389",",",","
"390","ὥσθ","ὥσθ"
"391","ἡ","ὁ"
"392","πέψις","πέψις"
"393","ἂν","ἄν"
"394","εἰς","εἰς"
"395","τὸ","ὁ"
"396","σωματῶδες","σωματώδης"
"397","εἴη","εἰμί"
"398",".","."
"399","Τὸ","ὁ"
"400","δὲ","δέ"
"401","περίττωμα","περίσσωμα"
"402",",",","
"403","εἴπερ","εἴπερ"
"404","γίνεται","γίγνομαι"
"405","λεπτότερον","λεπτός"
"406",",",","
"407","οὐ","οὐ"
"408","πιθανόν","πιθανός"
"409",".","."
"410","Ἄλογος","Ἄλογος"
"411","δὲ","δέ"
"412","καὶ","καί"
"413","ἡ","ὁ"
"414","ταχυτὴς","ταχυτής"
"415","τῆς","ὁ"
"416","πέψεως","πέψις"
"417",".","."
"418","Εὐθὺς","Εὐθύς"
"419","γὰρ","γάρ"
"420","μετὰ","μετά"
"421","τὴν","ὁ"
"422","εἰσπνοὴν","εἰσπνοή"
"423","ἡ","ὁ"
"424","ἐκπνοή","ἐκπνοή"
"425",".","."
"426","Τί","τίς"
"427","οὖν","οὖν"
"428","τὸ","ὁ"
"429","οὕτω","οὕτως"
"430","ταχὺ","ταχύς"
"431","μεταβάλλον","μεταβάλλω"
"432","καὶ","καί"
"433","ἀλλοιοῦν","ἀλλοιόω"
"434",";",";"
"435","Ὑπολάβοι","Ὑπολάβος"
"436","γὰρ","γάρ"
"437","ἄν","ἄν"
"438","τις","τίς"
"439","μάλιστα","μάλα"
"440","τὸ","ὁ"
"441","θερμόν","θερμός"
"442",",",","
"443","καὶ","καί"
"444","μαρτυρεῖ","μαρτυρέω"
"445","οὕτως","οὕτως"
"446","ἡ","ὁ"
"447","αἴσθησις","αἴσθησις"
"448","·","·"
"449","ὁ","ὁ"
"450","γὰρ","γάρ"
"451","ἐκπνεόμενος","ἐκπνεόμενος"
"452","θερμός","θέρμος"
"453",".","."
"454","Ἔτι","ἔτι"
"455","δ","δ"
"456","εἰ","εἰ"
"457","μὲν","μέν"
"458","ἐν","ἐν"
"459","τῷ","ὁ"
"460","πνεύμονι","πλεύμων"
"461","καὶ","καί"
"462","τῇ","ὁ"
"463","ἀρτηρίᾳ","ἀρτηρία"
"464","τὸ","ὁ"
"465","πεττόμενον","πεττόμενος"
"466",",",","
"467","ἡ","ὁ"
"468","τοῦ","ὁ"
"469","θερμοῦ","θερμός"
"470","δύναμις","δύναμις"
"471","ἐν","ἐν"
"472","τούτοις","οὗτος"
"473","·","·"
"474","ὅπερ","ὅς"
"475","οὔ","οὐ"
"476","φασιν","φημί"
"477",",",","
"478","ἀλλ","ἀλλ"
"479","ἐν","ἐν"
"480","τῇ","ὁ"
"481","κινήσει","κινέω"
"482","τῇ","ὁ"
"483","τοῦ","ὁ"
"484","πνεύματος","πνεῦμα"
"485","ἐκθερμαίνεσθαι","ἐκθερμαίνομαι"
"486","τὴν","ὁ"
"487","τροφήν","τροφή"
"488",".","."
"489","Εἰ","εἰ"
"490","δ","δ"
"491","ἐξ","ἐκ"
"492","ἑτέρου","ἕτερος"
"493","τινὸς","τίς"
"494","οἷον","οἷος"
"495","ἐπισπᾶται","ἐπισπάω"
"496","ἢ","ἤ"
"497","καὶ","καί"
"498","κινοῦντος","κινοῦντος"
"499","δέχεται","δέχομαι"
"500",",",","
"501","τοῦτ","τοῦτ"
"502","ἐστὶ","εἰμί"
"503","θαυμασιώτερον","θαυμασιώτερος"
"504",".","."
"505","Ἅμα","ἅμα"
"506","δὲ","δέ"
"507","καὶ","καί"
"508","οὐκ","οὐ"
"509","αὐτὸ","αὐτός"
"510","τὸ","ὁ"
"511","πρῶτον","πρῶτος"
"512","κινοῦν","κινέω"
"513",".","."
"514","Ἔτι","ἔτι"
"515","δ","δ"
"516","ἡ","ὁ"
"517","μὲν","μέν"
"518","ἀναπνοὴ","ἀναπνοὴ"
"519","μέχρι","μέχρι"
"520","τοῦ","ὁ"
"521","πνεύμονος","πνεύμων"
"522",",",","
"523","ὥσπερ","ὥσπερ"
"524","λέγουσιν","λέγω"
"525","αὐτοί","αὐτός"
"526",",",","
"527","τὸ","ὁ"
"528","δὲ","δέ"
"529","πνεῦμα","πνεῦμα"
"530","δι","δι"
"531","ὅλου","ὅλος"
"532","τὸ","ὁ"
"533","σύμφυτον","σύμφυτος"
"534",".","."
"535","Εἰ","εἰ"
"536","δ","δ"
"537","ἀπὸ","ἀπό"
"538","τούτου","οὗτος"
"539","διαδίδοται","διαδίδοται"
"540","καὶ","καί"
"541","πρὸς","πρός"
"542","τὰ","ὁ"
"543","κάτω","κάτω"
"544","καὶ","καί"
"545","πρὸς","πρός"
"546","τὰ","ὁ"
"547","ἄλλα","ἄλλος"
"548",",",","
"549","πῶς","πῶς"
"550","ἡ","ὁ"
"551","πέψις","πέψις"
"552","οὕτω","οὕτως"
"553","ταχεῖα","ταχύς"
"554",";",";"
"555","Θαυμασιώτερον","Θαυμασιώτερος"
"556","γὰρ","γάρ"
"557","τοῦτο","οὗτος"
"558","καὶ","καί"
"559","μεῖζον","μέγας"
"560","·","·"
"561","οὐ","οὐ"
"562","γὰρ","γάρ"
"563","διαπέμπει","διαπέμπω"
"564","τοῦτό","οὗτος"
"565","γ","ΑΒΓ"
"566","εὐθὺς","εὐθύς"
"567","πεττόμενον","πεττόμενος"
"568","τὸν","ὁ"
"569","ἀέρα","ἀήρ"
"570","τοῖς","ὁ"
"571","κάτω","κάτω"
"572",".","."
"573","Καίτοι","καίτοι"
"574","τὸ","ὁ"
"575","μὲν","μέν"
"576","δόξειεν","δοκέω"
"577","ἂν","ἄν"
"578","ἀναγκαῖον","ἀναγκαῖος"
"579","εἶναι","εἰμί"
"580","τοῦτο","οὗτος"
"581","τῆς","ὁ"
"582","πέψεως","πέψις"
"583","γινομένης","γίγνομαι"
"584","ἐν","ἐν"
"585","τῷ","ὁ"
"586","πνεύμονι","πλεύμων"
"587",",",","
"588","τῆς","ὁ"
"589","τ","τ"
"590","ἀναπνοῆς","ἀναπνοή"
"591","κοινωνούντων","κοινωνέω"
"592","καὶ","καί"
"593","τῶν","ὁ"
"594","κάτω","κάτω"
"595",".","."
"596","Μεῖζον","Μεῖζον"
"597","δ","δ"
"598","οὕτως","οὕτως"
"599","ἔτι","ἔτι"
"600","καὶ","καί"
"601","παραδοξότερον","παράδοξος"
"602","τὸ","ὁ"
"603","συμβαῖνον","συμβαίνω"
"604","·","·"
"605","οἷον","οἷος"
"606","γὰρ","γάρ"
"607","διόδῳ","δίοδος"
"608","καὶ","καί"
"609","θίξει","θίγω"
"610","γίνεται","γίγνομαι"
"611","μόνον","μόνος"
"612","ἡ","ὁ"
"613","πέψις","πέψις"
"614",".","."
"615","Ἄλογον","Ἄλογος"
"616","δὲ","δέ"
"617","καὶ","καί"
"618","τουτὶ","οὗτος"
"619","καὶ","καί"
"620","λογοδέστερον","λογοδέστερος"
"621",",",","
"622","εἰ","εἰ"
"623","ὁ","ὁ"
"624","αὐτὸς","αὐτός"
"625","λόγος","λόγος"
"626","τῆς","ὁ"
"627","τροφῆς","τροφή"
"628","καὶ","καί"
"629","τοῦ","ὁ"
"630","περιττώματος","περίσσωμα"
"631",".","."
"632","Εἰ","εἰ"
"633","δὲ","δέ"
"634","δι","δι"
"635","ἄλλου","ἄλλος"
"636","τινὸς","τίς"
"637","τῶν","ὁ"
"638","ἐντός","ἐντός"
"639",",",","
"640","οἱ","ὁ"
"641","αὐτοὶ","αὐτός"
"642","λόγοι","λόγος"
"643","οἳ","ὁ"
"644","καὶ","καί"
"645","πρότερον","πρότερος"
"646",",",","
"647","εἰ","εἰ"
"648","μὴ","μή"
"649","τοῦτο","οὗτος"
"650","λέγοι","λέγω"
"651","τις","τίς"
"652",",",","
"653","ὡς","ὡς"
"654","οὐ","οὐ"
"655","πάσης","πᾶς"
"656","τῆς","ὁ"
"657","τροφῆς","τροφή"
"658","οὐδὲ","οὐδέ"
"659","πᾶσι","πᾶς"
"660","γίνεται","γίγνομαι"
"661","περίττωμα","περίσσωμα"
"662",",",","
"663","καθάπερ","καθάπερ"
"664","οὐδὲ","οὐδέ"
"665","τοῖς","ὁ"
"666","φυτοῖς","φυτόν"
"667",",",","
"668","ἐπεὶ","ἐπεί"
"669","οὐδὲ","οὐδέ"
"670","τῶν","ὁ"
"671","τοῦ","ὁ"
"672","σώματος","σῶμα"
"673","μερῶν","μέρος"
"674","ἑκάστου","ἕκαστος"
"675","λαβεῖν","λαμβάνω"
"676","ἔστιν","εἰμί"
"677",".","."
"678","Εἰ","εἰ"
"679","δὲ","δέ"
"680","μή","μή"
"681",",",","
"682","οὔτι","οὔτι"
"683","γε","γε"
"684","παντός","πᾶς"
"685",".","."
"686","Ἀλλ","Ἀλλ"
"687","ἄρα","ἆρα"
"688","γε","γε"
"689","ἡ","ὁ"
"690","μὲν","μέν"
"691","ἀγγείων","ἀγγεῖον"
"692","αὔξησις","αὔξησις"
"693","ἡ","ὁ"
"694","αὐτὴ","αὐτός"
"695","καὶ","καί"
"696","τῶν","ὁ"
"697","ἄλλων","ἄλλος"
"698","μορίων","μόριος"
"699",",",","
"700","εὐρυνομένων","εὐρυνομένω"
"701","δὲ","δέ"
"702","καὶ","καί"
"703","διισταμένων","διίσταμαι"
"704","τούτων","οὗτος"
"705","πλείων","πολύς"
"706","ὁ","ὁ"
"707","ἀὴρ","ἀήρ"
"708","ὁ","ὁ"
"709","εἰσρέων","εἰσρή"
"710","καὶ","καί"
"711","ἐκρέων","ἐκρέω"
"712",".","."
"713","Εἰ","εἰ"
"714","δέ","δέ"
"715","τι","τίς"
"716","ἀναγκαῖον","ἀναγκαῖος"
"717","ἐνυπάρχει","ἐνυπάρχω"
"718",",",","
"719","τοῦτο","οὗτος"
"720","αὐτὸ","αὐτός"
"721","ζητεῖται","ζητέω"
"722",",",","
"723","τίς","τίς"
"724","ὁ","ὁ"
"725","φυσικὸς","φυσικός"
"726","καὶ","καί"
"727","πῶς","πῶς"
"728","οὗτος","οὗτος"
"729","πλείων","πολύς"
"730","ὑγιῶς","ὑγιής"
"731",",",","
"732","ἐκ","ἐκ"
"733","τούτου","οὗτος"
"734","φανερὸν","φανερός"
"735","ἂν","ἄν"
"736","εἶεν","εἰμί"
"737",".","."
"738","Τοῖς","ὁ"
"739","δὲ","δέ"
"740","δὴ","δή"
"741","μὴ","μή"
"742","ἀναπνευστικοῖς","ἀναπνευστικόω"
"743","τίς","τίς"
"744","ἡ","ὁ"
"745","τροφὴ","τροφή"
"746","τοῦ","ὁ"
"747","συμφύτου","συμφύτης"
"748","καὶ","καί"
"749","τίς","τίς"
"750","ἡ","ὁ"
"751","αὔξησις","αὔξησις"
"752",";",";"
"753","Οὐ","οὐ"
"754","γὰρ","γάρ"
"755","ἔτι","ἔτι"
"756","τούτοις","οὗτος"
"757","ἀπὸ","ἀπό"
"758","τοῦ","ὁ"
"759","ἔξωθεν","ἔξωθεν"
"760",".","."
"761","Εἰ","εἰ"
"762","δ","δ"
"763","ἀπὸ","ἀπό"
"764","τῶν","ὁ"
"765","ἐντὸς","ἐντός"
"766","καὶ","καί"
"767","τῆς","ὁ"
"768","κοινῆς","κοινός"
"769","τροφῆς","τροφή"
"770",",",","
"771","εὔλογον","εὔλογος"
"772","κἀκείνοις","ἐκεῖνος"
"773","·","·"
"774","ἀπὸ","ἀπό"
"775","γὰρ","γάρ"
"776","τῶν","ὁ"
"777","αὐτῶν","αὐτός"
"778","τὰ","ὁ"
"779","ὅμοια","ὅμοιος"
"780",",",","
"781","καὶ","καί"
"782","ὡσαύτως","ὡσαύτως"
"783",".","."
"784","Εἰ","εἰ"
"785","μὴ","μή"
"786","ἄρα","ἆρα"
"787","καὶ","καί"
"788","τούτοις","οὗτος"
"789","ἀπὸ","ἀπό"
"790","τοῦ","ὁ"
"791","ἐκτός","ἐκτός"
"792",",",","
"793","ὥσπερ","ὥσπερ"
"794","καὶ","καί"
"795","τῶν","ὁ"
"796","ὀσμῶν","ὀσμή"
"797","αἰσθάνονται","αἰσθάνομαι"
"798",".","."
"799","Ἀλλ","Ἀλλ"
"800","οὕτω","οὕτως"
"801","γ","ΑΒΓ"
"802","οἷον","οἷος"
"803","ἀναπνοὴ","ἀναπνοὴ"
"804","γίνεται","γίγνομαι"
"805",".","."
"806","Περὶ","περί"
"807","οὗ","ὅς"
"808","κἂν","ἐάν"
"809","ἀπορήσειέ","ἀπορήω"
"810","τις","τίς"
"811",",",","
"812","εἰ","εἰ"
"813","κατὰ","κατά"
"814","ἀλήθειάν","ἀλήθεια"
"815","ἐστιν","εἰμί"
"816",",",","
"817","αὐτό","αὐτός"
"818","τε","τε"
"819","τοῦτο","οὗτος"
"820","προφέρων","προφέρω"
"821","καὶ","καί"
"822","τὴν","ὁ"
"823","ἐπίσπασιν","ἐπίσπασις"
"824","τῆς","ὁ"
"825","τροφῆς","τροφή"
"826","ὁλκὴ","ὁλκή"
"827","γὰρ","γάρ"
"828","ἅμα","ἅμα"
"829","πνεύματος","πνεῦμα"
"830",",",","
"831","ἔτι","ἔτι"
"832","δ","δ"
"833","ὑπὲρ","ὑπέρ"
"834","τῆς","ὁ"
"835","καταψύξεως","καταψύξις"
"836","ἀντιλέγων","ἀντιλέγω"
"837",",",","
"838","ὡς","ὡς"
"839","κἀκείνων","ἐκεῖνος"
"840","δεομένων","δέω"
"841",".","."
"842","Εἰ","εἰ"
"843","δὲ","δέ"
"844","διὰ","διά"
"845","τοῦ","ὁ"
"846","ὑποζώματος","ὑποζώματος"
"847","αὐτοῖς","αὐτός"
"848","γίνεται","γίγνομαι"
"849",",",","
"850","ταύτῃ","ταύτῃ"
"851","δῆλον","δῆλος"
"852","ὅτι","ὅτι"
"853","καὶ","καί"
"854","ἡ","ὁ"
"855","τοῦ","ὁ"
"856","ἀέρος","ἀήρ"
"857","εἴσοδος","εἴσος"
"858","·","·"
"859","ὥσθ","ὥσθ"
"860","ὅμοιόν","ὅμοιος"
"861","τι","τίς"
"862","τῇ","ὁ"
"863","ἀναπνοῇ","ἀναπνοή"
"864",".","."
"865","Πλὴν","πλήν"
"866","οὐκ","οὐ"
"867","ἀφορίζεται","ἀφορίζω"
"868","τίς","τίς"
"869","ὁλκὴ","ὁλκή"
"870","καὶ","καί"
"871","ὑπὸ","ὑπό"
"872","τίνος","τίς"
"873",".","."
"874","Ἢ","ἤ"
"875","εἰ","εἰ"
"876","μὴ","μή"
"877","ὁλκή","ὁλκή"
"878",",",","
"879","πῶς","πῶς"
"880","ἡ","ὁ"
"881","εἴσοδος","εἴσοδος"
"882",";",";"
"883","εἰ","εἰ"
"884","μὴ","μή"
"885","ἄρα","ἆρα"
"886","αὐτομάτως","αὐτόματος"
"887",".","."
"888","τοῦτο","οὗτος"
"889","μὲν","μέν"
"890","οὖν","οὖν"
"891","ἔχει","ἔχω"
"892","καὶ","καί"
"893","αὐτὸ","αὐτός"
"894","καθ","καθ"
"895","αὑτὸ","ἑαυτοῦ"
"896","σκέψιν","σκέψις"
"897",".","."
"898","Τοῖς","ὁ"
"899","δὲ","δέ"
"900","δὴ","δή"
"901","ἐνύγροις","ἐνύγρω"
"902","τίς","τίς"
"903","ἡ","ὁ"
"904","τροφὴ","τροφή"
"905","καὶ","καί"
"906","αὔξησις","αὔξησις"
"907","τοῦ","ὁ"
"908","συμφύτου","συμφύτης"
"909",";",";"
"910","Χωρὶς","χωρίς"
"911","γὰρ","γάρ"
"912","τοῦ","ὁ"
"913","μὴ","μή"
"914","ἀναπνεῖν","ἀναπνέω"
"915","οὐδ","οὐδ"
"916","ἐνυπάρχειν","ἐνυπάρχω"
"917","ὅλως","ὅλως"
"918","ἐν","ἐν"
"919","τῷ","ὁ"
"920","ὑγρῷ","ὑγρός"
"921","φαμὲν","φημί"
"922","ἀέρα","ἀήρ"
"923",".","."
"924","Λοιπὸν","λοιπός"
"925","ἄρα","ἆρα"
"926","διὰ","διά"
"927","τῆς","ὁ"
"928","τροφῆς","τροφή"
"929",",",","
"930","ὡς","ὡς"
"931","οὐχ","οὐ"
"932","ὁμοίως","ὁμοίως"
"933","πᾶσιν","πᾶς"
"934",",",","
"935","ἢ","ἤ"
"936","κἀκεῖνα","ἐκεῖνος"
"937","διὰ","διά"
"938","τῆς","ὁ"
"939","τροφῆς","τροφή"
"940","τὰ","ὁ"
"941","ἔνυγρα","ἔνυγρα"
"942","·","·"
"943","τριῶν","τρεῖς"
"944","γὰρ","γάρ"
"945","τούτων","οὗτος"
"946","ἀναγκαῖον","ἀναγκαῖος"
"947","ἕν","εἷς"
"948",".","."
"949","Καὶ","καί"
"950","ταῦτα","οὗτος"
"951","μὲν","μέν"
"952","ὡς","ὡς"
"953","περὶ","περί"
"954","τὴν","ὁ"
"955","αὔξησιν","αὔξησις"
"956","καὶ","καί"
"957","τροφὴν","τροφή"
"958","τοῦ","ὁ"
"959","πνεύματος","πνεῦμα"
"960",".","."
"961","Περὶ","περί"
"962","δὲ","δέ"
"963","ἀναπνοῆς","ἀναπνοή"
"964","οἱ","ὁ"
"965","μὲν","μέν"
"966","οὐ","οὐ"
"967","λέγουσι","λέγω"
"968","τίνος","τίς"
"969","χάριν","χάρις"
"970",",",","
"971","ἀλλὰ","ἀλλά"
"972","μόνον","μόνος"
"973","ὃν","ὅς"
"974","τρόπον","τρόπος"
"975","γίνεται","γίγνομαι"
"976",",",","
"977","καθάπερ","καθάπερ"
"978","Ἐμπεδοκλῆς","Ἐμπεδοκλῆς"
"979","καὶ","καί"
"980","Δημόκριτος","Δημόκριτος"
"981","·","·"
"982","οἱ","ὁ"
"983","δ","δ"
"984","οὐδὲ","οὐδέ"
"985","τὸν","ὁ"
"986","τρόπον","τρόπος"
"987","ὅλως","ὅλως"
"988","λέγουσιν","λέγω"
"989",",",","
"990","ἀλλ","ἀλλ"
"991","ὡς","ὡς"
"992","φανερῷ","φανερός"
"993","χρῶνται","χράω"
"994",".","."
"995","Δεῖ","δεῖ"
"996","δὲ","δέ"
"997","καὶ","καί"
"998","εἰ","εἰ"
"999","καταψύξεως","καταψύξις"
"1000","χάριν","χάρις"
"1001",",",","
"1002","αὐτὸ","αὐτός"
"1003","τοῦτο","οὗτος"
"1004","διασαφῆσαι","διασαφῆζω"
"1005",".","."
"1006","Εἰ","εἰ"
"1007","γὰρ","γάρ"
"1008","ἐν","ἐν"
"1009","τοῖς","ὁ"
"1010","ἄνω","ἄνω"
"1011","τὸ","ὁ"
"1012","θερμόν","θερμός"
"1013",",",","
"1014","οὐκ","οὐ"
"1015","ἂν","ἄν"
"1016","ἔτι","ἔτι"
"1017","δέοιτο","δέω"
"1018","κάτω","κάτω"
"1019",".","."
"1020","Τὸ","ὁ"
"1021","δὲ","δέ"
"1022","σύμφυτον","σύμφυτος"
"1023","πνεῦμα","πνεῦμα"
"1024","δι","δι"
"1025","ὅλου","ὅλος"
"1026",",",","
"1027","καὶ","καί"
"1028","ἀρχὴ","ἀρχή"
"1029","ἀπὸ","ἀπό"
"1030","τοῦ","ὁ"
"1031","πνεύμονος","πνεύμων"
"1032",".","."
"1033","Δοκεῖ","δοκέω"
"1034","δὲ","δέ"
"1035","καὶ","καί"
"1036","τὸ","ὁ"
"1037","τῆς","ὁ"
"1038","ἀναπνοῆς","ἀναπνοή"
"1039","εἰς","εἰς"
"1040","πάντα","πᾶς"
"1041","διαδίδοσθαι","διαδίδοσθαι"
"1042","κατὰ","κατά"
"1043","συνέχειαν","συνέχεια"
"1044",",",","
"1045","ὥστε","ὥστε"
"1046","τοῦτο","οὗτος"
"1047","δεικτέον","δείκνυμι"
"1048","ὡς","ὡς"
"1049","οὐκ","οὐ"
"1050","ἔστιν","εἰμί"
"1051",".","."
"1052","Ἄτοπον","ἄτοπος"
"1053","δὲ","δέ"
"1054","εἰ","εἰ"
"1055","μὴ","μή"
"1056","δεῖταί","δέω"
"1057","τινος","τίς"
"1058","κινήσεως","κίνησις"
"1059","καὶ","καί"
"1060","οἷον","οἷος"
"1061","τροφῆς","τροφή"
"1062",".","."
"1063","Εἰ","εἰ"
"1064","δὲ","δέ"
"1065","διαπνεῖ","διαπνέω"
"1066","πρὸς","πρός"
"1067","πᾶν","πᾶς"
"1068",",",","
"1069","οὐκέτι","οὐκέτι"
"1070","καταψύξεως","καταψύξις"
"1071","εἴη","εἰμί"
"1072","χάριν","χάρις"
"1073",".","."
"1074","Ἀλλὰ","ἀλλά"
"1075","μὴν","μείς"
"1076","καὶ","καί"
"1077","ἡ","ὁ"
"1078","διάδοσις","διάδοσις"
"1079","ἄλλως","ἄλλως"
"1080","τ","τ"
"1081","ἀναίσθητος","ἀναίσθητος"
"1082",",",","
"1083","καὶ","καί"
"1084","τὸ","ὁ"
"1085","τάχος","τάχος"
"1086","αὐτῆς","αὐτός"
"1087",".","."
"1088","Καὶ","καί"
"1089","πάλιν","πάλιν"
"1090","τὸ","ὁ"
"1091","τῆς","ὁ"
"1092","παλιρροίας","παλιρροία"
"1093",",",","
"1094","εἴπερ","εἴπερ"
"1095","ἀπὸ","ἀπό"
"1096","πάντων","πᾶς"
"1097",",",","
"1098","θαυμαστόν","θαυμαστός"
"1099",",",","
"1100","πλὴν","πλήν"
"1101","εἰ","εἰ"
"1102","ἄλλον","ἄλλος"
"1103","τρόπον","τρόπος"
"1104","ἀπὸ","ἀπό"
"1105","τῶν","ὁ"
"1106","ἐσχάτων","ἔσχατος"
"1107",".","."
"1108","Τὸ","ὁ"
"1109","δὲ","δέ"
"1110","πρώτως","πρώτως"
"1111","καὶ","καί"
"1112","κυρίως","κυρίως"
"1113","ἀπὸ","ἀπό"
"1114","τῶν","ὁ"
"1115","περὶ","περί"
"1116","τὴν","ὁ"
"1117","καρδίαν","καρδία"
"1118",".","."
"1119","Ἐν","ἐν"
"1120","πολλοῖς","πολύς"
"1121","δ","δ"
"1122","οὕτω","οὕτως"
"1123","τὸ","ὁ"
"1124","τῶν","ὁ"
"1125","ἐνεργειῶν","ἔνεργειος"
"1126","καὶ","καί"
"1127","τῶν","ὁ"
"1128","δυνάμεων","δύναμις"
"1129",".","."
"1130","Ἄτοπον","Ἄτοπος"
"1131","οὖν","οὖν"
"1132","ὅμως","ὅμως"
"1133","εἰ","εἰ"
"1134","καὶ","καί"
"1135","εἰς","εἰς"
"1136","τὸ","ὁ"
"1137","ὀστοῦν","ὀστέον"
"1138","διαδίδοται","διαδίδοται"
"1139","·","·"
"1140","καὶ","καί"
"1141","γὰρ","γάρ"
"1142","δὴ","δή"
"1143","τοῦτό","οὗτος"
"1144","φασιν","φημί"
"1145","ἐξ","ἐκ"
"1146","ἀρτηριῶν","ἀρτηριός"
"1147",".","."
"1148","Διό","διό"
"1149",",",","
"1150","καθάπερ","καθάπερ"
"1151","εἴρηται","λέγω"
"1152",",",","
"1153","σκεπτέον","σκοπέω"
"1154","περὶ","περί"
"1155","ἀναπνοῆς","ἀναπνοή"
"1156",",",","
"1157","καὶ","καί"
"1158","τίνος","τίς"
"1159","ἕνεκα","ἕνεκα"
"1160","καὶ","καί"
"1161","ποίοις","ποῖος"
"1162","μέρεσι","μέρος"
"1163","καὶ","καί"
"1164","πῶς","πῶς"
"1165",".","."
"1166","Ἔτι","ἔτι"
"1167","οὐδ","οὐδ"
"1168","ἐπιφορὰ","ἐπιφορά"
"1169","τῆς","ὁ"
"1170","τροφῆς","τροφή"
"1171","φαίνεται","φαίνω"
"1172","πᾶσι","πᾶς"
"1173","δι","δι"
"1174","ἀρτηριῶν","ἀρτηριός"
"1175",",",","
"1176","οἷον","οἷος"
"1177","αὐτοῖς","αὐτός"
"1178","τε","τε"
"1179","τοῖς","ὁ"
"1180","ἀγγείοις","ἀγγεῖον"
"1181","καὶ","καί"
"1182","ἄλλοις","ἄλλος"
"1183","τισὶ","τίς"
"1184","τῶν","ὁ"
"1185","μερῶν","μέρος"
"1186","·","·"
"1187","ζῇ","ζῶ"
"1188","δὲ","δέ"
"1189","τὰ","ὁ"
"1190","φυτὰ","φυτόν"
"1191","καὶ","καί"
"1192","τρέφεται","τρέφω"
"1193",".","."
"1194","Ταῦτα","οὗτος"
"1195","μὲν","μέν"
"1196","οἰκειότερά","οἰκειότερος"
"1197","πως","πως"
"1198","τοῖς","ὁ"
"1199","περὶ","περί"
"1200","τὰς","ὁ"
"1201","τροφάς","τροφή"
"1202",".","."
"1203","Ἐπεὶ","ἐπεί"
"1204","δὲ","δέ"
"1205","τρεῖς","τρεῖς"
"1206","αἱ","ὁ"
"1207","κινήσεις","κινέω"
"1208","τοῦ","ὁ"
"1209","ἐν","ἐν"
"1210","τῇ","ὁ"
"1211","ἀρτηρίᾳ","ἀρτηρία"
"1212","πνεύματος","πνεῦμα"
"1213",",",","
"1214","ἀναπνοή","ἀναπνοή"
"1215",",",","
"1216","σφυγμός","σφυγμός"
"1217",",",","
"1218","τρίτη","τρίτος"
"1219","δ","δ"
"1220","ἡ","ὁ"
"1221","τὴν","ὁ"
"1222","τροφὴν","τροφή"
"1223","ἐπάγουσα","ἐπάγω"
"1224","καὶ","καί"
"1225","κατεργαζομένη","κατεργάζομαι"
"1226",",",","
"1227","λεκτέον","λέγω"
"1228","ὑπὲρ","ὑπέρ"
"1229","ἑκάστης","ἕκαστος"
"1230","καὶ","καί"
"1231","ποῦ","ποῦ"
"1232","καὶ","καί"
"1233","πῶς","πῶς"
"1234","καὶ","καί"
"1235","τίνος","τίς"
"1236","χάριν","χάρις"
"1237",".","."
"1238","Τούτων","οὗτος"
"1239","δ","δ"
"1240","ἡ","ὁ"
"1241","μὲν","μέν"
"1242","τοῦ","ὁ"
"1243","σφυγμοῦ","σφυγμός"
"1244","καὶ","καί"
"1245","τῇ","ὁ"
"1246","αἰσθήσει","αἴσθησις"
"1247","φανερὰ","φανερός"
"1248","καθ","καθ"
"1249","ὁτιοῦν","ὁτιοῦν"
"1250","μέρος","μέρος"
"1251","ἁπτομένοις","ἅπτω"
"1252",",",","
"1253","ἡ","ὁ"
"1254","δὲ","δέ"
"1255","τῆς","ὁ"
"1256","ἀναπνοῆς","ἀναπνοή"
"1257","μέχρι","μέχρι"
"1258","μέν","μέν"
"1259","του","τις"
"1260","φανερά","φανερός"
"1261",",",","
"1262","τὸ","ὁ"
"1263","δὲ","δέ"
"1264","πλέον","πολύς"
"1265","κατὰ","κατά"
"1266","λόγον","λόγος"
"1267",",",","
"1268","ἡ","ὁ"
"1269","δὲ","δέ"
"1270","τῆς","ὁ"
"1271","τροφῆς","τροφή"
"1272","ἅπασα","ἅπας"
"1273","κατὰ","κατά"
"1274","λόγον","λόγος"
"1275","ὡς","ὡς"
"1276","εἰπεῖν","λέγω"
"1277",",",","
"1278","ὡς","ὡς"
"1279","ἐκ","ἐκ"
"1280","τῶν","ὁ"
"1281","συμβαινόντων","συμβαίνω"
"1282","δὲ","δέ"
"1283","κατὰ","κατά"
"1284","τὴν","ὁ"
"1285","αἴσθησιν","αἴσθησις"
"1286",".","."
"1287","Ἡ","ὁ"
"1288","μὲν","μέν"
"1289","οὖν","οὖν"
"1290","ἀναπνοὴ","ἀναπνοὴ"
"1291","δῆλον","δῆλος"
"1292","ὡς","ὡς"
"1293","ἀπὸ","ἀπό"
"1294","τοῦ","ὁ"
"1295","ἐντὸς","ἐντός"
"1296","ἔχει","ἔχω"
"1297","τὴν","ὁ"
"1298","ἀρχήν","ἀρχή"
"1299",",",","
"1300","εἴτε","εἴτε"
"1301","ψυχῆς","ψυχή"
"1302","δύναμιν","δύναμις"
"1303","εἴτε","εἴτε"
"1304","ψυχὴν","ψυχή"
"1305","δεῖ","δεῖ"
"1306","λέγειν","λέγω"
"1307","ταύτην","οὗτος"
"1308",",",","
"1309","εἴτε","εἴτε"
"1310","καὶ","καί"
"1311","ἄλλην","ἄλλος"
"1312","τινὰ","τίς"
"1313","σωμάτων","σῶμα"
"1314","μίξιν","μίξις"
"1315",",",","
"1316","ἣ","ὁ"
"1317","δι","δι"
"1318","αὐτῶν","αὐτός"
"1319","ποιεῖ","ποιέω"
"1320","τὴν","ὁ"
"1321","τοιαύτην","τοιοῦτος"
"1322","ὁλκήν","ὁλκός"
"1323",".","."
"1324","Ἡ","ὁ"
"1325","δὲ","δέ"
"1326","θρεπτικὴ","θρεπτικός"
"1327","δόξειεν","δοκέω"
"1328","ἂν","ἄν"
"1329","ἀπὸ","ἀπό"
"1330","τῆς","ὁ"
"1331","ἀναπνοῆς","ἀναπνοή"
"1332","·","·"
"1333","αὕτη","οὗτος"
"1334","γὰρ","γάρ"
"1335","ἀνταποδίδοται","ἀνταποδίδοται"
"1336",",",","
"1337","καὶ","καί"
"1338","ὁμοία","ὅμοιος"
"1339","τῷ","ὁ"
"1340","ἀληθεῖ","ἀληθής"
"1341",".","."
"1342","Εἰ","εἰ"
"1343","δὲ","δέ"
"1344","μή","μή"
"1345",",",","
"1346","πᾶν","πᾶς"
"1347","ὁμαλίζει","ὁμαλίζω"
"1348","τοῖς","ὁ"
"1349","χρόνοις","χρόνος"
"1350","τὸ","ὁ"
"1351","σῶμα","σῶμα"
"1352","κατὰ","κατά"
"1353","τὴν","ὁ"
"1354","τοιαύτην","τοιοῦτος"
"1355","κίνησιν","κίνησις"
"1356",".","."
"1357","Ἢ","ἤ"
"1358","εἰ","εἰ"
"1359","μηδὲν","μηδείς"
"1360","διαφέρει","διαφέρω"
"1361","τὸ","ὁ"
"1362","ἅμα","ἅμα"
"1363",",",","
"1364","πάντα","πᾶς"
"1365","τὰ","ὁ"
"1366","μέρη","μέρος"
"1367","σκεπτέον","σκοπέω"
"1368",".","."
"1369","Ὁ","ὁ"
"1370","δὲ","δέ"
"1371","σφυγμὸς","σφυγμός"
"1372","ἴδιός","ἴδιος"
"1373","τις","τίς"
"1374","παρ","παρ"
"1375","αὐτάς","αὐτός"
"1376",",",","
"1377","τῇ","ὁ"
"1378","μὲν","μέν"
"1379","ἂν","ἄν"
"1380","δοκῶν","δοκέω"
"1381","εἶναι","εἰμί"
"1382","κατὰ","κατά"
"1383","συμβεβηκός","συμβαίνω"
"1384",",",","
"1385","εἴπερ","εἴπερ"
"1386",",",","
"1387","ὅταν","ὅταν"
"1388","ἐν","ἐν"
"1389","ὑγρῷ","ὑγρός"
"1390","πλῆθος","πλῆθος"
"1391","ᾖ","εἰμί"
"1392","θερμότητος","θερμότης"
"1393",",",","
"1394","ἀνάγκη","ἀνάγκη"
"1395","τὸ","ὁ"
"1396","ἐκπνευματούμενον","ἐκπνευματέω"
"1397","διὰ","διά"
"1398","τὴν","ὁ"
"1399","ἐναπόληψιν","ἐναπόληψις"
"1400","ποιεῖν","ποιέω"
"1401","σφυγμόν","σφυγμός"
"1402",",",","
"1403","ἐν","ἐν"
"1404","τῇ","ὁ"
"1405","ἀρχῇ","ἀρχή"
"1406","δὲ","δέ"
"1407","καὶ","καί"
"1408","πρῶτον","πρῶτος"
"1409",",",","
"1410","εἴπερ","εἴπερ"
"1411","τοῖς","ὁ"
"1412","πρώτοις","πρῶτος"
"1413","σύμφυτον","σύμφυτος"
"1414","·","·"
"1415","ἐν","ἐν"
"1416","γὰρ","γάρ"
"1417","τῇ","ὁ"
"1418","καρδίᾳ","καρδία"
"1419","μάλιστα","μάλα"
"1420","καὶ","καί"
"1421","πρῶτον","πρῶτος"
"1422",",",","
"1423","ἀφ","ἀφ"
"1424","ἧς","ὅς"
"1425","καὶ","καί"
"1426","τοῖς","ὁ"
"1427","ἄλλοις","ἄλλος"
"1428",".","."
"1429","Τάχα","ταχύς"
"1430","δὲ","δέ"
"1431","πρὸς","πρός"
"1432","τὴν","ὁ"
"1433","ὑποκειμένην","ὑπόκειμαι"
"1434","οὐσίαν","οὐσία"
"1435","τοῦ","ὁ"
"1436","ζῴου","ζῷον"
"1437","τὴν","ὁ"
"1438","ἐκ","ἐκ"
"1439","τῆς","ὁ"
"1440","ἐνεργείας","ἐνέργεια"
"1441","ἀνάγκη","ἀνάγκη"
"1442","τοῦτο","οὗτος"
"1443","παρακολουθεῖν","παρακολουθέω"
"1444",".","."
"1445","Ὅτι","ὅτι"
"1446","δ","ΑΒΓ"
"1447","οὐδὲν","οὐδείς"
"1448","πρὸς","πρός"
"1449","τὴν","ὁ"
"1450","ἀναπνοὴν","ἀναπνοή"
"1451","ὁ","ὁ"
"1452","σφυγμός","σφυγμός"
"1453",",",","
"1454","σημεῖον","σημεῖον"
"1455","·","·"
"1456","ἐάν","ἐάν"
"1457","τε","τε"
"1458","γὰρ","γάρ"
"1459","πυκνὸν","πυκνός"
"1460","ἐάν","ἐάν"
"1461","τε","τε"
"1462","ὁμαλὸν","ὁμαλός"
"1463","ἐάν","ἐάν"
"1464","τε","τε"
"1465","σφοδρὸν","σφοδρός"
"1466","ἢ","ἤ"
"1467","πρᾶον","πρᾶον"
"1468","ἀναπνέῃ","ἀναπνέη"
"1469","τις","τίς"
"1470",",",","
"1471","ὅ","ὅς"
"1472","γε","γε"
"1473","σφυγμὸς","σφυγμός"
"1474","ὅμοιος","ὅμοιος"
"1475","καὶ","καί"
"1476","ὁ","ὁ"
"1477","αὐτός","αὐτός"
"1478",",",","
"1479","ἀλλ","ἀλλ"
"1480","ἡ","ὁ"
"1481","ἀνωμαλία","ἀνωμαλία"
"1482","γίνεται","γίγνομαι"
"1483","καὶ","καί"
"1484","ἐπίτασις","ἐπίτασις"
"1485","ἔν","ἐν"
"1486","τε","τε"
"1487","σωματικοῖς","σωματικός"
"1488","τισὶ","τίς"
"1489","πάθεσι","πάθος"
"1490","καὶ","καί"
"1491","ἐν","ἐν"
"1492","τοῖς","ὁ"
"1493","τῆς","ὁ"
"1494","ψυχῆς","ψυχή"
"1495","φόβοις","φόβος"
"1496","ἐλπίσιν","ἐλπίς"
"1497","ἀγωνίαις","ἀγωνία"
"1498",".","."
"1499","Εἰ","εἰ"
"1500","δὲ","δέ"
"1501","καὶ","καί"
"1502","ἐν","ἐν"
"1503","ταῖς","ὁ"
"1504","ἀρτηρίαις","ἀρτηρία"
"1505","ὁ","ὁ"
"1506","σφυγμός","σφυγμός"
"1507",",",","
"1508","καὶ","καί"
"1509","ὁ","ὁ"
"1510","αὐτὸς","αὐτός"
"1511","ὢν","εἰμί"
"1512","ῥυθμῷ","ῥυθμός"
"1513","καὶ","καί"
"1514","ὁμαλὸς","ὁμαλός"
"1515","ᾖ","εἰμί"
"1516",",",","
"1517","σκεπτέον","σκοπέω"
"1518","·","·"
"1519","οὐκ","οὐ"
"1520","ἔοικε","ἔοικα"
"1521","δέ","δέ"
"1522","γε","γε"
"1523","τοῖς","ὁ"
"1524","μακρὰν","μακράν"
"1525","ἀπηρτημένοις","ἀπηρτημένω"
"1526",".","."
"1527","Ἥκιστα","ἥκιστος"
"1528","δ","δ"
"1529","ἕνεκά","ἕνεκα"
"1530","του","τις"
"1531","φαίνεται","φαίνω"
"1532","γίνεσθαι","γίγνομαι"
"1533",",",","
"1534","καθάπερ","καθάπερ"
"1535","εἴρηται","λέγω"
"1536",".","."
"1537","Τὸ","ὁ"
"1538","γὰρ","γάρ"
"1539","αὖ","αὗ"
"1540","τῆς","ὁ"
"1541","ἀναπνοῆς","ἀναπνοή"
"1542","καὶ","καί"
"1543","τῆς","ὁ"
"1544","ἐπαγωγῆς","ἐπαγωγή"
"1545",",",","
"1546","εἴθ","εἴθ"
"1547","ὡς","ὡς"
"1548","ἕτερα","ἕτερος"
"1549","πάμπαν","πάμπαν"
"1550","ἀλλήλων","ἀλλήλων"
"1551","εἴθ","εἴθ"
"1552","ὡς","ὡς"
"1553","θάτερον","ἕτερος"
"1554","πρὸς","πρός"
"1555","θάτερον","ἕτερος"
"1556",",",","
"1557","ἕνεκά","ἕνεκα"
"1558","του","τις"
"1559","φαίνεται","φαίνω"
"1560","καὶ","καί"
"1561","ἔχει","ἔχω"
"1562","τινὰ","τίς"
"1563","λόγον","λόγος"
"1564",".","."
"1565","Τριῶν","τρεῖς"
"1566","δ","ΑΒΓ"
"1567","οὐσῶν","εἰμί"
"1568","πότερον","πότερον"
"1569","εὔλογον","εὔλογος"
"1570","εἶναι","εἰμί"
"1571","τήν","ὁ"
"1572","γε","γε"
"1573","σφυγμώδη","σφυγμώδης"
"1574","καὶ","καί"
"1575","τὴν","ὁ"
"1576","ἀναπνευστικήν","ἀναπνευστικός"
"1577",";",";"
"1578","Ἡ","ὁ"
"1579","γὰρ","γάρ"
"1580","τροφὴ","τροφή"
"1581","προϋπάρχοντος","προϋπάρχω"
"1582",".","."
"1583","Ἢ","ἤ"
"1584","οὔ","οὐ"
"1585",";",";"
"1586","Τὸ","ὁ"
"1587","μὲν","μέν"
"1588","γὰρ","γάρ"
"1589","ἀναπνεῖν","ἀναπνέω"
"1590",",",","
"1591","ὅταν","ὅταν"
"1592","ἀπολυθῇ","ἀπολύω"
"1593","τῆς","ὁ"
"1594","κυούσης","κύω"
"1595",",",","
"1596","ἡ","ὁ"
"1597","δ","δ"
"1598","ἐπιφορὰ","ἐπιφορά"
"1599","καὶ","καί"
"1600","ἡ","ὁ"
"1601","τροφὴ","τροφή"
"1602","καὶ","καί"
"1603","ξυνισταμένου","ξυνισταμένον"
"1604","καὶ","καί"
"1605","ξυνεστηκότος","ξυνεστηκότος"
"1606",",",","
"1607","ὁ","ὁ"
"1608","δὲ","δέ"
"1609","σφυγμὸς","σφυγμός"
"1610","εὐθὺς","εὐθύς"
"1611","ἐν","ἐν"
"1612","τῇ","ὁ"
"1613","ἀρχῇ","ἀρχή"
"1614","ξυνισταμένης","συνισταμένης"
"1615","τῆς","ὁ"
"1616","καρδίας","καρδία"
"1617",",",","
"1618","καθάπερ","καθάπερ"
"1619","ἐν","ἐν"
"1620","τοῖς","ὁ"
"1621","ᾠοῖς","ᾠόν"
"1622","γίνεται","γίγνομαι"
"1623","φανερόν","φανερός"
"1624",".","."
"1625","Ὥστε","ὥστε"
"1626","αὕτη","οὗτος"
"1627","πρώτη","πρῶτος"
"1628",",",","
"1629","καὶ","καί"
"1630","ἔοικεν","ἔοικα"
"1631","ἐνεργείᾳ","ἐνέργεια"
"1632","τινὶ","τίς"
"1633","καὶ","καί"
"1634","οὐκ","οὐ"
"1635","ἐναπολήψει","ἐναπολήφω"
"1636","πνεύματος","πνεῦμα"
"1637",",",","
"1638","εἰ","εἰ"
"1639","μὴ","μή"
"1640","ἄρα","ἆρα"
"1641","τοῦτο","οὗτος"
"1642","πρὸς","πρός"
"1643","τὴν","ὁ"
"1644","ἐνέργειαν","ἐνέργεια"
"1645",".","."
"1646","Τὸ","ὁ"
"1647","δὲ","δέ"
"1648","πνεῦμα","πνεῦμα"
"1649","τὸ","ὁ"
"1650","ἐκ","ἐκ"
"1651","τῆς","ὁ"
"1652","ἀναπνοῆς","ἀναπνοή"
"1653","φέρεσθαι","φέρω"
"1654","μὲν","μέν"
"1655","εἰς","εἰς"
"1656","τὴν","ὁ"
"1657","κοιλίαν","κοιλία"
"1658",",",","
"1659","οὐ","οὐ"
"1660","διὰ","διά"
"1661","τοῦ","ὁ"
"1662","στομάχου","στόμαχος"
"1663","τοῦτο","οὗτος"
"1664","μὲν","μέν"
"1665","γὰρ","γάρ"
"1666","ἀδύνατον","ἀδύνατος"
"1667",",",","
"1668","ἀλλὰ","ἀλλά"
"1669","πόρον","πόρος"
"1670","εἶναι","εἰμί"
"1671","παρὰ","παρά"
"1672","τὴν","ὁ"
"1673","ὀσφύν","ὀσφύν"
"1674",",",","
"1675","δι","δι"
"1676","οὗ","ὅς"
"1677","τὸ","ὁ"
"1678","πνεῦμα","πνεῦμα"
"1679","τῇ","ὁ"
"1680","ἀναπνοῇ","ἀναπνοή"
"1681","φέρεσθαι","φέρω"
"1682","ἐκ","ἐκ"
"1683","τοῦ","ὁ"
"1684","βραγχίου","βραγχίον"
"1685","εἰς","εἰς"
"1686","τὴν","ὁ"
"1687","κοιλίαν","κοιλία"
"1688","καὶ","καί"
"1689","πάλιν","πάλιν"
"1690","ἔξω","ἔξω"
"1691","·","·"
"1692","τοῦτο","οὗτος"
"1693","δὲ","δέ"
"1694","τῇ","ὁ"
"1695","αἰσθήσει","αἴσθησις"
"1696","φανερόν","φανερός"
"1697",".","."
"1698","Ἔχει","ἔχω"
"1699","δ","δ"
"1700","ἀπορίαν","ἀπορία"
"1701","καὶ","καί"
"1702","τὰ","ὁ"
"1703","περὶ","περί"
"1704","τὴν","ὁ"
"1705","αἴσθησιν","αἴσθησις"
"1706",".","."
"1707","Εἰ","εἰ"
"1708","γὰρ","γάρ"
"1709","ἡ","ὁ"
"1710","ἀρτηρία","ἀρτηρία"
"1711","μόνον","μόνος"
"1712","αἰσθάνεται","αἰσθάνομαι"
"1713",",",","
"1714","πότερα","πότερος"
"1715","τῷ","ὁ"
"1716","πνεύματι","πνεῦμα"
"1717","τῷ","ὁ"
"1718","δι","δι"
"1719","αὐτῆς","αὐτός"
"1720",",",","
"1721","ἢ","ἤ"
"1722","τῷ","ὁ"
"1723","ὄγκῳ","ὄγκος"
"1724",",",","
"1725","ἢ","ἤ"
"1726","τῷ","ὁ"
"1727","σώματι","σῶμα"
"1728",";",";"
"1729","Ἢ","ἤ"
"1730","εἴπερ","εἴπερ"
"1731","ὁ","ὁ"
"1732","ἀὴρ","ἀήρ"
"1733","πρῶτον","πρῶτος"
"1734","ὑπὸ","ὑπό"
"1735","τὴν","ὁ"
"1736","ψυχήν","ψυχή"
"1737",",",","
"1738","τῷ","ὁ"
"1739","κυριωτέρῳ","κυριέτωρος"
"1740","τε","τε"
"1741","καὶ","καί"
"1742","προτέρῳ","πρότερος"
"1743",";",";"
"1744","Τί","τίς"
"1745","οὖν","οὖν"
"1746","ἡ","ὁ"
"1747","ψυχή","ψυχή"
"1748",";",";"
"1749","Δύναμίν","Δύναμις"
"1750","φασι","φημί"
"1751","τὴν","ὁ"
"1752","αἰτίαν","αἰτία"
"1753","τῆς","ὁ"
"1754","κινήσεως","κίνησις"
"1755","τῆς","ὁ"
"1756","τοιαύτης","τοιοῦτος"
"1757",".","."
"1758","Ἢ","ἤ"
"1759","δῆλον","δῆλος"
"1760","ὡς","ὡς"
"1761","οὐκ","οὐ"
"1762","ὀρθῶς","ὀρθῶς"
"1763","ἐπιτιμήσεις","ἐπιτίμησις"
"1764","τοῖς","ὁ"
"1765","τὸ","ὁ"
"1766","λογιστικὸν","λογιστικός"
"1767","καὶ","καί"
"1768","θυμικόν","θυμικός"
"1769","·","·"
"1770","καὶ","καί"
"1771","γὰρ","γάρ"
"1772","οὗτοι","οὗτος"
"1773","ὡς","ὡς"
"1774","δυνάμεις","δύναμις"
"1775","λέγουσιν","λέγω"
"1776",".","."
"1777","Ἀλλ","Ἀλλ"
"1778","εἰ","εἰ"
"1779","δὴ","δή"
"1780","ἡ","ὁ"
"1781","ψυχὴ","ψυχή"
"1782","ἐν","ἐν"
"1783","τῷ","ὁ"
"1784","ἀέρι","ἀήρ"
"1785","τούτῳ","οὗτος"
"1786",",",","
"1787","οὗτός","οὗτος"
"1788","γε","γε"
"1789","κοινὸς","κοινός"
"1790","ἢ","ἤ"
"1791","πάσχων","πάσχω"
"1792","γέ","γε"
"1793","τι","τίς"
"1794","καὶ","καί"
"1795","ἀλλοιούμενος","ἀλλοιούμενος"
"1796",",",","
"1797","εὐλόγως","εὔλογος"
"1798","ἂν","ἄν"
"1799","εὔψυχον","εὔψυχος"
"1800","ἡ","ὁ"
"1801","ψυχή","ψυχή"
"1802",",",","
"1803","πρὸς","πρός"
"1804","τὸ","ὁ"
"1805","συγγενὲς","συγγενής"
"1806","φέρεται","φέρω"
"1807",",",","
"1808","καὶ","καί"
"1809","τῷ","ὁ"
"1810","ὁμοίῳ","ὅμοιος"
"1811","τὸ","ὁ"
"1812","ὅμοιον","ὅμοιος"
"1813","αὔξεται","αὐξάνω"
"1814",".","."
"1815","Ἢ","ἤ"
"1816","οὔ","οὐ"
"1817",";",";"
"1818","Τὸ","ὁ"
"1819","γὰρ","γάρ"
"1820","ὅλον","ὅλος"
"1821","οὐκ","οὐ"
"1822","ἀήρ","ἀήρ"
"1823",",",","
"1824","ἀλλὰ","ἀλλά"
"1825","συμβαλλόμενόν","συμβαλλόμενος"
"1826","τι","τίς"
"1827","πρὸς","πρός"
"1828","ταύτην","οὗτος"
"1829","τὴν","ὁ"
"1830","δύναμιν","δύναμις"
"1831","ὁ","ὁ"
"1832","ἀήρ","ἀήρ"
"1833",",",","
"1834","ἢ","ἤ"
"1835","οὐ","οὐ"
"1836","τὸ","ὁ"
"1837","ταύτην","οὗτος"
"1838","ποιοῦν","ποιέω"
"1839",",",","
"1840","καὶ","καί"
"1841","τὸ","ὁ"
"1842","ποιῆσαν","ποιέω"
"1843","τοῦτ","τοῦτ"
"1844","ἀρχὴ","ἀρχή"
"1845","καὶ","καί"
"1846","ὑπόθεσις","ὑπόθεσις"
"1847",".","."
"1848","Τοῖς","ὁ"
"1849","δὲ","δέ"
"1850","μὴ","μή"
"1851","ἀναπνέουσιν","ἀναπνέω"
"1852",",",","
"1853","ἵνα","ἵνα"
"1854","ἀνεπίμικτος","ἀνεπίμικτος"
"1855","τῷ","ὁ"
"1856","ἔξω","ἔξω"
"1857",".","."
"1858","Ἢ","ἤ"
"1859","οὔ","οὐ"
"1860",",",","
"1861","ἀλλὰ","ἀλλά"
"1862","κατ","κατ"
"1863","ἄλλον","ἄλλος"
"1864","τρόπον","τρόπος"
"1865","μιγνύμενος","μιγνύμενος"
"1866",";",";"
"1867","Τίς","τίς"
"1868","οὖν","οὖν"
"1869","ἡ","ὁ"
"1870","διαφορὰ","διαφορά"
"1871","τοῦ","ὁ"
"1872","ἐν","ἐν"
"1873","τῇ","ὁ"
"1874","ἀρτηρίᾳ","ἀρτηρία"
"1875","πρὸς","πρός"
"1876","τὸν","ὁ"
"1877","ἔξω","ἔξω"
"1878",";",";"
"1879","Διαφέρειν","Διαφέρειν"
"1880","γὰρ","γάρ"
"1881","εὔλογον","εὔλογος"
"1882",",",","
"1883","τάχα","τάχα"
"1884","δὲ","δέ"
"1885","καὶ","καί"
"1886","ἀναγκαῖον","ἀναγκαῖος"
"1887",",",","
"1888","λεπτότητι","λεπτότης"
"1889",".","."
"1890","Ἀλλ","Ἀλλ"
"1891","ἔτι","ἔτι"
"1892","δὲ","δέ"
"1893","καθ","καθ"
"1894","αὑτὸν","αὐτός"
"1895","θερμὸς","θερμός"
"1896","ἢ","ἤ"
"1897","ὑφ","ὑφ"
"1898","ἑτέρου","ἕτερος"
"1899",";",";"
"1900","Φαίνεται","φαίνω"
"1901","γὰρ","γάρ"
"1902","ὁ","ὁ"
"1903","ἔσω","ἔσω"
"1904","καθά","καθά"
"1905","περ","πέρ"
"1906","ὁ","ὁ"
"1907","ἔξω","ἔξω"
"1908","·","·"
"1909","βοηθεῖται","βοηθεῖται"
"1910","δὲ","δέ"
"1911","τῇ","ὁ"
"1912","καταψύξει","καταψύξειμι"
"1913",".","."
"1914","Πότερα","Πότερα"
"1915","δέ","δέ"
"1916",";",";"
"1917","Ἔξω","ἔξω"
"1918","μὲν","μέν"
"1919","γὰρ","γάρ"
"1920","πραΰς","πραΰς"
"1921",",",","
"1922","ἐμπεριληφθεὶς","ἐμπεριληφίθω"
"1923","δὲ","δέ"
"1924","πνεῦμα","πνεῦμα"
"1925",",",","
"1926","καθάπερ","καθάπερ"
"1927","πυκνωθεὶς","πυκνίωω"
"1928","καὶ","καί"
"1929","διαδοθείς","διαδίθημο"
"1930","πως","πως"
"1931",".","."
"1932","Ἢ","ἤ"
"1933","μίξιν","μίξις"
"1934","τινὰ","τίς"
"1935","ἀνάγκη","ἀνάγκη"
"1936","λαμβάνειν","λαμβάνω"
"1937",",",","
"1938","ἐν","ἐν"
"1939","ὑγρότητί","ὑγρότητι"
"1940","τε","τε"
"1941","καὶ","καί"
"1942","σωματικοῖς","σωματικός"
"1943","ὄγκοις","ὄγκος"
"1944","ἀναστρεφόμενον","ἀναστρέφω"
"1945",";",";"
"1946","Οὐκ","οὐ"
"1947","ἄρα","ἆρα"
"1948","λεπτότατος","λεπτός"
"1949",",",","
"1950","εἴπερ","εἴπερ"
"1951","μέμικται","μείγνυμι"
"1952",".","."
"1953","Καὶ","καί"
"1954","μὴν","μείς"
"1955","εὔλογόν","εὔλογός"
"1956","γε","γε"
"1957","τὸ","ὁ"
"1958","πρῶτον","πρῶτος"
"1959","δεκτικὸν","δεκτικός"
"1960","ψυχῆς","ψυχή"
"1961",",",","
"1962","εἰ","εἰ"
"1963","μὴ","μή"
"1964","ἄρα","ἆρα"
"1965","καὶ","καί"
"1966","ἡ","ὁ"
"1967","ψυχὴ","ψυχή"
"1968","τοιοῦτον","τοιοῦτος"
"1969",",",","
"1970","καὶ","καί"
"1971","οὐ","οὐ"
"1972","καθαρόν","καθαρός"
"1973","τι","τίς"
"1974","καὶ","καί"
"1975","ἀμιγές","ἀμιγής"
"1976",",",","
"1977","τὴν","ὁ"
"1978","ἀρτηρίαν","ἀρτηρία"
"1979","μόνον","μόνος"
"1980","εἶναι","εἰμί"
"1981","δεκτικὴν","δεκτικός"
"1982","πνεύματος","πνεῦμα"
"1983",",",","
"1984","τὸ","ὁ"
"1985","δὲ","δέ"
"1986","νεῦρον","νεῦρος"
"1987","οὔ","οὐ"
"1988",".","."
"1989","Διαφέρει","διαφέρω"
"1990","δὲ","δέ"
"1991","καὶ","καί"
"1992","ὅτι","ὅτι"
"1993","τὸ","ὁ"
"1994","μὲν","μέν"
"1995","νεῦρον","νεῦρος"
"1996","ἔχει","ἔχω"
"1997","τάσιν","τάσις"
"1998",",",","
"1999","ἡ","ὁ"
"2000","δ","δ"
"2001","ἀρτηρία","ἀρτηρία"
"2002","ταχὺ","ταχύς"
"2003","διαρρήγνυται","διαρρήγνυται"
"2004",",",","
"2005","καθάπερ","καθάπερ"
"2006","καὶ","καί"
"2007","ἡ","ὁ"
"2008","φλέψ","φλέψ"
"2009",".","."
"2010","Τὸ","ὁ"
"2011","δὲ","δέ"
"2012","δέρμα","δέρμα"
"2013","ἐκ","ἐκ"
"2014","φλεβὸς","φλέψ"
"2015","καὶ","καί"
"2016","νεύρου","νεῦρον"
"2017","καὶ","καί"
"2018","ἀρτηρίας","ἀρτηρία"
"2019",",",","
"2020","ἐκ","ἐκ"
"2021","φλεβὸς","φλέψ"
"2022","μὲν","μέν"
"2023","ὅτι","ὅτι"
"2024","κεντηθὲν","κεντέω"
"2025","αἷμα","αἷμα"
"2026","ἀναδίδωσιν","ἀναδίδωμι"
"2027",",",","
"2028","ἐκ","ἐκ"
"2029","νεύρου","νεῦρον"
"2030","δὲ","δέ"
"2031","ὅτι","ὅτι"
"2032","τάσιν","τάσις"
"2033","ἔχει","ἔχω"
"2034",",",","
"2035","ἐξ","ἐκ"
"2036","ἀρτηρίας","ἀρτηρία"
"2037","δὲ","δέ"
"2038","ὅτι","ὅτι"
"2039","διαπνοὴν","διαπνοή"
"2040","ἔχει","ἔχω"
"2041",".","."
"2042","Μόνον","Μόνος"
"2043","γὰρ","γάρ"
"2044","δεκτικὸν","δεκτικός"
"2045","πνεύματος","πνεῦμα"
"2046","ἡ","ὁ"
"2047","ἀρτηρία","ἀρτηρία"
"2048",".","."
"2049","Τὰς","ὁ"
"2050","δὲ","δέ"
"2051","φλέβας","φλέψ"
"2052","ἔχειν","ἔχω"
"2053","πόρους","πόρος"
"2054",",",","
"2055","ἐν","ἐν"
"2056","αἷς","ὅς"
"2057","τὸ","ὁ"
"2058","θερμὸν","θερμός"
"2059","ὂν","εἰμί"
"2060","ὥσπερ","ὥσπερ"
"2061","ἐν","ἐν"
"2062","χαλκείῳ","χάλκεος"
"2063","θερμαίνειν","θερμαίνω"
"2064","τὸ","ὁ"
"2065","αἷμα","αἷμα"
"2066","·","·"
"2067","φύσει","φύσις"
"2068","γὰρ","γάρ"
"2069","οὐκ","οὐ"
"2070","εἶναι","εἰμί"
"2071","θερμόν","θερμός"
"2072",",",","
"2073","ἀλλ","ἀλλ"
"2074","ὥσπερ","ὥσπερ"
"2075","τὰ","ὁ"
"2076","τηκτὰ","τηκτός"
"2077","καταδιαχεῖσθαι","καταδιαχέω"
"2078","·","·"
"2079","διὸ","διό"
"2080","καὶ","καί"
"2081","πήγνυσθαι","πήγνυμι"
"2082","τὴν","ὁ"
"2083","ἀρτηρίαν","ἀρτηρία"
"2084",",",","
"2085","καὶ","καί"
"2086","ἔχειν","ἔχω"
"2087","ὑγρότητα","ὑγρότης"
"2088","καὶ","καί"
"2089","ἐν","ἐν"
"2090","αὑτῇ","ἑαυτοῦ"
"2091","καὶ","καί"
"2092","ἐν","ἐν"
"2093","τοῖς","ὁ"
"2094","χιτῶσι","χιτών"
"2095","τοῖς","ὁ"
"2096","περιέχουσι","περιέχω"
"2097","τὸ","ὁ"
"2098","κοίλωμα","κοίλωμα"
"2099",".","."
"2100","Φανερὸν","Φανερός"
"2101","δ","ΑΒΓ"
"2102","ἔκ","ἐκ"
"2103","τε","τε"
"2104","τῶν","ὁ"
"2105","ἀνατομῶν","ἀνατομός"
"2106","εἶναι","εἰμί"
"2107",",",","
"2108","καὶ","καί"
"2109","ὅτι","ὅτι"
"2110","εἰς","εἰς"
"2111","τὸ","ὁ"
"2112","ἔντερον","ἔντερον"
"2113","καὶ","καί"
"2114","εἰς","εἰς"
"2115","τὴν","ὁ"
"2116","κοιλίαν","κοιλία"
"2117","αἵ","ὁ"
"2118","τε","τε"
"2119","φλέβες","φλέψ"
"2120","καὶ","καί"
"2121","αἱ","ὁ"
"2122","ἀρτηρίαι","ἀρτηρία"
"2123","συνάπτουσιν","συνάπτω"
"2124",",",","
"2125","ἃς","ὅς"
"2126","εἰκὸς","ἔοικα"
"2127","εἶναι","εἰμί"
"2128","τὴν","ὁ"
"2129","τροφὴν","τροφή"
"2130","ἕλκειν","ἕλκω"
"2131",".","."
"2132","Ἐκ","ἐκ"
"2133","δὲ","δέ"
"2134","τῶν","ὁ"
"2135","φλεβῶν","φλέψ"
"2136","εἰς","εἰς"
"2137","τὰς","ὁ"
"2138","σάρκας","σάρξ"
"2139","διαδίδοσθαι","διαδίδοσθαι"
"2140","τὴν","ὁ"
"2141","τροφήν","τροφή"
"2142",",",","
"2143","οὐ","οὐ"
"2144","κατὰ","κατά"
"2145","τὰ","ὁ"
"2146","πλάγια","πλάγιον"
"2147","ἀλλὰ","ἀλλά"
"2148","κατὰ","κατά"
"2149","τὸ","ὁ"
"2150","στόμα","στόμα"
"2151",",",","
"2152","καθάπερ","καθάπερ"
"2153","σωλῆνας","σωλήν"
"2154",".","."
"2155","Ἀποτείνει","Ἀποτείνης"
"2156","γὰρ","γάρ"
"2157","ἐκ","ἐκ"
"2158","τῶν","ὁ"
"2159","πλαγίων","πλάγος"
"2160","φλεβῶν","φλέψ"
"2161","φλέβια","φλέβιον"
"2162","λεπτὰ","λεπτός"
"2163","ἐκ","ἐκ"
"2164","τῆς","ὁ"
"2165","μεγάλης","μέγας"
"2166","φλεβὸς","φλέψ"
"2167","καὶ","καί"
"2168","τῆς","ὁ"
"2169","ἀρτηρίας","ἀρτηρία"
"2170","παρ","παρ"
"2171","ἑκάστην","ἕκαστος"
"2172","πλευράν","πλευρά"
"2173",",",","
"2174","καὶ","καί"
"2175","ἀρτηρίαν","ἀρτηρία"
"2176","καὶ","καί"
"2177","φλέβα","φλέψ"
"2178","παρακεῖσθαι","παράκειμαι"
"2179","·","·"
"2180","καὶ","καί"
"2181","τὰ","ὁ"
"2182","ὀστέα","ὀστέον"
"2183","δὲ","δέ"
"2184","καθάπτειν","καθάπτω"
"2185","τὰ","ὁ"
"2186","νεῦρα","νεῦρον"
"2187","καὶ","καί"
"2188","τὰς","ὁ"
"2189","φλέβας","φλέψ"
"2190","καὶ","καί"
"2191","εἰς","εἰς"
"2192","μέσα","μέσος"
"2193","καὶ","καί"
"2194","εἰς","εἰς"
"2195","τὰς","ὁ"
"2196","συμβολὰς","συμβολή"
"2197","τῶν","ὁ"
"2198","κεφαλῶν","κεφαλή"
"2199",",",","
"2200","δι","δι"
"2201","ὧν","ὅς"
"2202","τὴν","ὁ"
"2203","τροφὴν","τροφή"
"2204","δέχεσθαι","δέχομαι"
"2205","τοὺς","ὁ"
"2206","ἰχθύας","ἰχθύς"
"2207","καὶ","καί"
"2208","ἀναπνεῖν","ἀναπνέω"
"2209","·","·"
"2210","εἰ","εἰ"
"2211","δὲ","δέ"
"2212","μὴ","μή"
"2213","ἀνέπνεον","ἀναπνέω"
"2214",",",","
"2215","ἐξαιρεθέντας","ἐξαιρεθάζω"
"2216","ἂν","ἄν"
"2217","ἐκ","ἐκ"
"2218","τοῦ","ὁ"
"2219","ὑγροῦ","ὑγρός"
"2220","εὐθὺς","εὐθύς"
"2221","θνήσκειν","ἀποθνῄσκω"
"2222",".","."
"2223","Τὰς","ὁ"
"2224","δὲ","δέ"
"2225","φλέβας","φλέψ"
"2226","καὶ","καί"
"2227","τὰς","ὁ"
"2228","ἀρτηρίας","ἀρτηρία"
"2229","συνάπτειν","συνάπτω"
"2230","εἰς","εἰς"
"2231","ἀλλήλας","ἀλλήλων"
"2232","καὶ","καί"
"2233","τῇ","ὁ"
"2234","αἰσθήσει","αἴσθησις"
"2235","φανερὸν","φανερός"
"2236","εἶναι","εἰμί"
"2237",".","."
"2238","Τοῦτο","οὗτος"
"2239","δ","ΑΒΓ"
"2240","οὐκ","οὐ"
"2241","ἂν","ἄν"
"2242","συμβαίνειν","συμβαίνω"
"2243",",",","
"2244","εἰ","εἰ"
"2245","μὴ","μή"
"2246","ἐδεῖτο","δέω"
"2247","καὶ","καί"
"2248","τὸ","ὁ"
"2249","ὑγρὸν","ὑγρός"
"2250","πνεύματος","πνεῦμα"
"2251","καὶ","καί"
"2252","τὸ","ὁ"
"2253","πνεῦμα","πνεῦμα"
"2254","ὑγροῦ","ὑγρός"
"2255",",",","
"2256","τῷ","ὁ"
"2257","θερμὸν","θερμός"
"2258","εἶναι","εἰμί"
"2259","ἐν","ἐν"
"2260","νεύρῳ","νεῦρον"
"2261","καὶ","καί"
"2262","ἀρτηρίᾳ","ἀρτηρία"
"2263","καὶ","καί"
"2264","φλεβί","φλέψ"
"2265",",",","
"2266","θερμότατον","θερμός"
"2267","δὲ","δέ"
"2268","καὶ","καί"
"2269","οἷον","οἷος"
"2270","φλεβωδέστατον","φλεβωδέστατος"
"2271","τὸ","ὁ"
"2272","ἐν","ἐν"
"2273","τῷ","ὁ"
"2274","νεύρῳ","νεῦρον"
"2275",".","."
"2276","Ἄτοπον","Ἄτοπος"
"2277","οὖν","οὖν"
"2278","τῇ","ὁ"
"2279","τοῦ","ὁ"
"2280","πνεύματος","πνεῦμα"
"2281","χώρᾳ","χώρα"
"2282","τὸ","ὁ"
"2283","θερμόν","θερμός"
"2284",",",","
"2285","ἄλλως","ἄλλως"
"2286","τε","τε"
"2287","καὶ","καί"
"2288","καταψύξεως","καταψύξις"
"2289","χάριν","χάρις"
"2290",".","."
"2291","Εἰ","εἰ"
"2292","δὲ","δέ"
"2293","ποιεῖ","ποιέω"
"2294","καὶ","καί"
"2295","οἷον","οἷος"
"2296","ἀναζωπυρεῖ","ἀναζωπυρέω"
"2297","θερμῷ","θερμός"
"2298","τὸ","ὁ"
"2299","θερμόν","θερμός"
"2300",",",","
"2301","γίγνοιτ","γίγνοιτ"
"2302","ἄν","ἄν"
"2303",".","."
"2304","Ἔτι","ἔτι"
"2305","πάντων","πᾶς"
"2306","τῶν","ὁ"
"2307","ἐχόντων","ἔχω"
"2308","θερμότητα","θερμότης"
"2309","σύμφυτόν","σύμφυτος"
"2310","πως","πως"
"2311","ἡ","ὁ"
"2312","διαμονή","διαμονή"
"2313",",",","
"2314","μηδενὸς","μηδείς"
"2315","ἀντικειμένου","ἀντικειμένου"
"2316","μηδὲ","μηδέ"
"2317","καταψύχοντος","καταψύχοντος"
"2318",".","."
"2319","Ὅτι","ὅτι"
"2320","γὰρ","γάρ"
"2321","πάντα","πᾶς"
"2322","δεῖται","δέω"
"2323","καταψύξεως","καταψύξις"
"2324",",",","
"2325","σχεδὸν","σχεδόν"
"2326","φανερὸν","φανερός"
"2327","τῷ","ὁ"
"2328","αἷμα","αἷμα"
"2329","κατέχειν","κατέχω"
"2330","ἐν","ἐν"
"2331","τῇ","ὁ"
"2332","φλεβὶ","φλέψ"
"2333","τὸ","ὁ"
"2334","θερμὸν","θερμός"
"2335","οἷον","οἷος"
"2336","ἀποστέγον","ἀποστέγος"
"2337","·","·"
"2338","διὸ","διό"
"2339","καὶ","καί"
"2340","ὅταν","ὅταν"
"2341","ἐκρυῇ","ἐκρυῇ"
"2342",",",","
"2343","μεθιέναι","μεθίημι"
"2344","τε","τε"
"2345","καὶ","καί"
"2346","ἀποθνήσκειν","ἀποθνῄσκω"
"2347",",",","
"2348","τῷ","ὁ"
"2349","τὸ","ὁ"
"2350","ἧπαρ","ἧπαρ"
"2351","οὐκ","οὐ"
"2352","ἔχειν","ἔχω"
"2353","οὐδεμίαν","οὐδείς"
"2354","ἀρτηρίαν","ἀρτηρία"
"2355",".","."
"2356","Πότερον","Πότερος"
"2357","δὲ","δέ"
"2358","τὸ","ὁ"
"2359","σπέρμα","σπέρμα"
"2360","διὰ","διά"
"2361","τῆς","ὁ"
"2362","ἀρτηρίας","ἀρτηρία"
"2363","ὡς","ὡς"
"2364","καὶ","καί"
"2365","συνθλιβόμενον","συνθλιβόμενος"
"2366",",",","
"2367","καὶ","καί"
"2368","ἐν","ἐν"
"2369","τῇ","ὁ"
"2370","προέσει","πρόεσις"
"2371","μόνον","μόνος"
"2372",";",";"
"2373","Ἐν","ἐν"
"2374","οἷς","ὅς"
"2375","δὴ","δή"
"2376","φαίνεται","φαίνω"
"2377","καὶ","καί"
"2378","ἡ","ὁ"
"2379","ἐξ","ἐκ"
"2380","αἵματος","αἷμα"
"2381","μεταβολὴ","μεταβολή"
"2382","τῷ","ὁ"
"2383","τὰ","ὁ"
"2384","νεῦρα","νεῦρον"
"2385","ἀπὸ","ἀπό"
"2386","τῶν","ὁ"
"2387","ὀστῶν","ὀστέον"
"2388","τρέφεσθαι","τρέφω"
"2389","·","·"
"2390","καθάπτει","καθάπτω"
"2391","γὰρ","γάρ"
"2392","αὐτά","αὐτός"
"2393",".","."
"2394","Ἢ","ἤ"
"2395","οὔτε","οὔτε"
"2396","τοῦτ","τοῦτ"
"2397","ἀληθές","ἀληθής"
"2398","·","·"
"2399","καὶ","καί"
"2400","γὰρ","γάρ"
"2401","ἐν","ἐν"
"2402","τῇ","ὁ"
"2403","καρδίᾳ","καρδία"
"2404","νεῦρον","νεῦρος"
"2405",",",","
"2406","καὶ","καί"
"2407","νεῦρα","νεῦρον"
"2408","δὲ","δέ"
"2409","ἐκ","ἐκ"
"2410","τῶν","ὁ"
"2411","ὀστῶν","ὀστέον"
"2412","ἠρτημένα","ἀρτάω"
"2413",".","."
"2414","Οὐ","οὐ"
"2415","συνάπτει","συνάπτω"
"2416","δὲ","δέ"
"2417","ἐν","ἐν"
"2418","ἑτέρῳ","ἕτερος"
"2419",",",","
"2420","ἀλλ","ἀλλ"
"2421","εἰς","εἰς"
"2422","σάρκα","σάρξ"
"2423","ἀποτελευτᾷ","ἀποτελευτάω"
"2424",".","."
"2425","Ἢ","ἤ"
"2426","τοῦτό","οὗτος"
"2427","γ","ΑΒΓ"
"2428","οὐθέν","οὐδείς"
"2429","·","·"
"2430","εἴη","εἰμί"
"2431","γὰρ","γάρ"
"2432","ἂν","ἄν"
"2433","οὐθὲν","οὐδείς"
"2434","ἦττον","ἀΐσσω"
"2435","ἀπὸ","ἀπό"
"2436","τοῦ","ὁ"
"2437","ὀστοῦ","ὀστέον"
"2438","ἡ","ὁ"
"2439","τροφή","τροφή"
"2440",".","."
"2441","Αὐτοῖς","Αὐτός"
"2442","δ","ΑΒΓ"
"2443","ἀπὸ","ἀπό"
"2444","τοῦ","ὁ"
"2445","νεύρου","νεῦρον"
"2446","τοῖς","ὁ"
"2447","ὀστοῖς","ὀστέον"
"2448","μᾶλλον","μᾶλλον"
"2449","τὴν","ὁ"
"2450","τροφήν","τροφή"
"2451",".","."
"2452","Ἄτοπον","Ἄτοπος"
"2453","γὰρ","γάρ"
"2454","καὶ","καί"
"2455","τοῦτο","οὗτος"
"2456","ξηρὸν","ξηρός"
"2457","φύσει","φύσις"
"2458","καὶ","καί"
"2459","οὐκ","οὐ"
"2460","ἔχον","ἔχω"
"2461","πόρους","πόρος"
"2462","ὑγρούς","ὑγρός"
"2463","·","·"
"2464","ἡ","ὁ"
"2465","τροφὴ","τροφή"
"2466","δ","δ"
"2467","ὑγρόν","ὑγρός"
"2468",".","."
"2469","Σκεπτέον","Σκοπέω"
"2470","δὲ","δέ"
"2471","πότερον","πότερον"
"2472",",",","
"2473","εἴπερ","εἴπερ"
"2474","ἀπὸ","ἀπό"
"2475","τῶν","ὁ"
"2476","ὀστῶν","ὀστέον"
"2477",",",","
"2478","τίς","τίς"
"2479","ἡ","ὁ"
"2480","τοῦ","ὁ"
"2481","ὀστοῦ","ὀστέον"
"2482","τροφή","τροφή"
"2483",",",","
"2484","ἢ","ἤ"
"2485","φέρουσι","φέρω"
"2486","πόροι","πορεῖν"
"2487","καὶ","καί"
"2488","ἐκ","ἐκ"
"2489","τῆς","ὁ"
"2490","φλεβὸς","φλέψ"
"2491","καὶ","καί"
"2492","ἐκ","ἐκ"
"2493","τῆς","ὁ"
"2494","ἀρτηρίας","ἀρτηρία"
"2495","εἰς","εἰς"
"2496","αὐτόν","αὐτός"
"2497",".","."
"2498","Καὶ","καί"
"2499","ἐν","ἐν"
"2500","πολλοῖς","πολύς"
"2501","μὲν","μέν"
"2502","εὔδηλοι","εὔδηλος"
"2503",",",","
"2504","μάλιστα","μάλα"
"2505","δ","δ"
"2506","εἰς","εἰς"
"2507","τὴν","ὁ"
"2508","ῥάχιν","ῥάχις"
"2509",".","."
"2510","Τὰς","ὁ"
"2511","δ","ΑΒΓ"
"2512","ἀπὸ","ἀπό"
"2513","τῶν","ὁ"
"2514","ὀστῶν","ὀστέον"
"2515","γίνεσθαι","γίγνομαι"
"2516","συνεχεῖς","συνεχής"
"2517",",",","
"2518","ὥσπερ","ὥσπερ"
"2519","ταῖς","ὁ"
"2520","πλευραῖς","πλευρά"
"2521","·","·"
"2522","τούτους","οὗτος"
"2523","δ","δ"
"2524","ἀπὸ","ἀπό"
"2525","τῆς","ὁ"
"2526","κοιλίας","κοιλία"
"2527","τίνα","τίς"
"2528","τρόπον","τρόπος"
"2529",",",","
"2530","ἢ","ἤ"
"2531","πῶς","πῶς"
"2532","τῆς","ὁ"
"2533","ὁλκῆς","ὁλκός"
"2534","γινομένης","γίγνομαι"
"2535",".","."
"2536","Ἢ","ἤ"
"2537","τὰ","ὁ"
"2538","πολλὰ","πολύς"
"2539","ἄχονδρα","ἄχονδρα"
"2540",",",","
"2541","καθάπερ","καθάπερ"
"2542","ἡ","ὁ"
"2543","ῥάχις","ῥάχις"
"2544","·","·"
"2545","ἀλλ","ἀλλ"
"2546","οὔτι","οὔτι"
"2547","πρὸς","πρός"
"2548","τὴν","ὁ"
"2549","κίνησιν","κίνησις"
"2550",",",","
"2551","ἢ","ἤ"
"2552","συνάψεως","συνάψεος"
"2553","χάριν","χάρις"
"2554",".","."
"2555","Δεῖ","δεῖ"
"2556","δέ","δέ"
"2557",",",","
"2558","καὶ","καί"
"2559","εἰ","εἰ"
"2560","ἀπὸ","ἀπό"
"2561","τοῦ","ὁ"
"2562","νεύρου","νεῦρον"
"2563","τὸ","ὁ"
"2564","ὀστοῦν","ὀστέον"
"2565","τρέφεται","τρέφω"
"2566",",",","
"2567","τὴν","ὁ"
"2568","τοῦ","ὁ"
"2569","νεύρου","νεῦρον"
"2570","τροφὴν","τροφή"
"2571","εἰδέναι","οἶδα"
"2572",".","."
"2573","Ἡμεῖς","ἡμεῖς"
"2574","δέ","δέ"
"2575","φαμεν","φημί"
"2576","ἐκ","ἐκ"
"2577","τῆς","ὁ"
"2578","ὑγρότητος","ὑγρότης"
"2579","γλίσχρας","γλίσχρας"
"2580","οὔσης","εἰμί"
"2581","τῆς","ὁ"
"2582","περὶ","περί"
"2583","τὸ","ὁ"
"2584","αὐτό","αὐτός"
"2585",".","."
"2586","Πόθεν","πόθεν"
"2587","δ","δ"
"2588","αὐτὴ","αὐτός"
"2589","καὶ","καί"
"2590","πῶς","πῶς"
"2591",",",","
"2592","λεκτέον","λέγω"
"2593",".","."
"2594","Τὸ","ὁ"
"2595","ἐκ","ἐκ"
"2596","φλεβὸς","φλέψ"
"2597","καὶ","καί"
"2598","ἀρτηρίας","ἀρτηρία"
"2599","τὴν","ὁ"
"2600","σάρκα","σάρξ"
"2601",",",","
"2602","ὅτι","ὅτι"
"2603","πανταχόθεν","πανταχόθεν"
"2604","αἷμα","αἷμα"
"2605","τῇ","ὁ"
"2606","κεντήσει","κεντέω"
"2607",",",","
"2608","ψεῦδος","ψεῦδος"
"2609","ἐπί","ἐπί"
"2610","γε","γε"
"2611","τῶν","ὁ"
"2612","ἄλλων","ἄλλος"
"2613","ζῴων","ζῷον"
"2614",",",","
"2615","οἷον","οἷος"
"2616","ὀρνίθων","ὄρνις"
"2617","καὶ","καί"
"2618","ὄφεων","ὄφις"
"2619","καὶ","καί"
"2620","ἰχθύων","ἰχθύς"
"2621","ἢ","ἤ"
"2622","ὅλως","ὅλως"
"2623","τῶν","ὁ"
"2624","ᾠοτόκων","ᾠοτόκος"
"2625","·","·"
"2626","ἀλλὰ","ἀλλά"
"2627","τῶν","ὁ"
"2628","πολυαίμων","πολυαίμος"
"2629","τοῦτ","τοῦτ"
"2630","ἴδιον","ἴδιος"
"2631",",",","
"2632","ἐπεὶ","ἐπεί"
"2633","τῶν","ὁ"
"2634","ὀρνιθίων","ὄρνιθιον"
"2635","γε","γε"
"2636","καὶ","καί"
"2637","τεμνομένων","τεμνομένων"
"2638","τὸ","ὁ"
"2639","στῆθος","στῆθος"
"2640","ἰχώρ","ἰχώρ"
"2641",",",","
"2642","οὐχ","οὐ"
"2643","αἷμα","αἷμα"
"2644",".","."
"2645","Ἐμπεδοκλῆς","Ἐμπεδοκλῆς"
"2646","δὲ","δέ"
"2647","ἐκ","ἐκ"
"2648","νεύρου","νεῦρον"
"2649","τὸν","ὁ"
"2650","ὄνυχα","ὄνυχα"
"2651","τῇ","ὁ"
"2652","πήξει","πήξειμι"
"2653",".","."
"2654","Ἆρ","Ἆρ"
"2655","οὖν","οὖν"
"2656","οὕτω","οὕτως"
"2657","καὶ","καί"
"2658","δέρμα","δέρμα"
"2659","πρὸς","πρός"
"2660","σάρκα","σάρξ"
"2661",";",";"
"2662","Ἀλλὰ","ἀλλά"
"2663","τοῖς","ὁ"
"2664","ὀστρακοδέρμοις","ὀστρακοδέρμος"
"2665","καὶ","καί"
"2666","μαλακοστράκοις","μαλακοστράκω"
"2667","πῶς","πῶς"
"2668","ἀπὸ","ἀπό"
"2669","τῶν","ὁ"
"2670","ἐκτὸς","ἐκτός"
"2671","ἡ","ὁ"
"2672","τροφή","τροφή"
"2673",";",";"
"2674","Τοὐναντίον","Τοὐναντίον"
"2675","γὰρ","γάρ"
"2676","δοκεῖ","δοκέω"
"2677","μᾶλλον","μᾶλλον"
"2678","ἀπὸ","ἀπό"
"2679","τῶν","ὁ"
"2680","ἐντὸς","ἐντός"
"2681","ἢ","ἤ"
"2682","τῶν","ὁ"
"2683","ἐκτός","ἐκτός"
"2684",".","."
"2685","Ἔτι","ἔτι"
"2686","δὲ","δέ"
"2687","ποία","ποῖος"
"2688","καὶ","καί"
"2689","διὰ","διά"
"2690","τίνων","τίς"
"2691","ἡ","ὁ"
"2692","ἐκ","ἐκ"
"2693","τῆς","ὁ"
"2694","κοιλίας","κοιλία"
"2695","δίοδος","δίοδος"
"2696",";",";"
"2697","Καὶ","καί"
"2698","πάλιν","πάλιν"
"2699","ἡ","ὁ"
"2700","ἐκείνων","ἐκεῖνος"
"2701","ἀναστροφὴ","ἀναστροφή"
"2702","πρὸς","πρός"
"2703","τὴν","ὁ"
"2704","σάρκα","σάρξ"
"2705",",",","
"2706","καίπερ","καίπερ"
"2707","ἄλογος","ἄλογος"
"2708","οὖσα","εἰμί"
"2709",".","."
"2710","Πολὺ","πολύς"
"2711","γάρ","γάρ"
"2712","τι","τίς"
"2713","θαυμαστὸν","θαυμαστός"
"2714","φαίνεται","φαίνω"
"2715","καὶ","καί"
"2716","ἀδύνατον","ἀδύνατος"
"2717","ὅλως","ὅλως"
"2718",".","."
"2719","Ἄρα","ἆρα"
"2720","γε","γε"
"2721","ἄλλοις","ἄλλος"
"2722","ἄλλη","ἄλλος"
"2723","τροφή","τροφή"
"2724",",",","
"2725","καὶ","καί"
"2726","οὐ","οὐ"
"2727","πᾶσι","πᾶς"
"2728","τροφὴ","τροφή"
"2729","τὸ","ὁ"
"2730","αἷμα","αἷμα"
"2731","·","·"
"2732","πλὴν","πλήν"
"2733","ἐκ","ἐκ"
"2734","τούτου","οὗτος"
"2735","τἆ","τἆ"
"2736","λλα","λλα"
"2737",".","."
"2738","Τὴν","ὁ"
"2739","τῶν","ὁ"
"2740","ὀστῶν","ὀστέον"
"2741","φύσιν","φύσις"
"2742","ἄρα","ἆρα"
"2743","σκεπτέον","σκοπέω"
"2744","ἢ","ἤ"
"2745","πρὸς","πρός"
"2746","κίνησιν","κίνησις"
"2747","ἢ","ἤ"
"2748","πρὸς","πρός"
"2749","ἔρεισμα","ἔρεισμα"
"2750",",",","
"2751","καὶ","καί"
"2752","πρὸς","πρός"
"2753","τὸ","ὁ"
"2754","στέγειν","στέγω"
"2755","καὶ","καί"
"2756","περιέχειν","περιέχω"
"2757",",",","
"2758","ἔτι","ἔτι"
"2759","δ","δ"
"2760","εἰ","εἰ"
"2761","ὥσπερ","ὥσπερ"
"2762","ἀρχαὶ","ἀρχή"
"2763","ἔνια","ἔνιοι"
"2764",",",","
"2765","καθάπερ","καθάπερ"
"2766","ὁ","ὁ"
"2767","πόλος","πόλος"
"2768",".","."
"2769","Λέγω","λέγω"
"2770","δὲ","δέ"
"2771","πρὸς","πρός"
"2772","μὲν","μέν"
"2773","κίνησιν","κίνησις"
"2774",",",","
"2775","οἷον","οἷος"
"2776","ποδὸς","πούς"
"2777","ἢ","ἤ"
"2778","χειρὸς","χείρ"
"2779","ἢ","ἤ"
"2780","σκέλους","σκέλος"
"2781","ἢ","ἤ"
"2782","ἀγκῶνος","ἀγκών"
"2783",",",","
"2784","ὁμοίως","ὁμοίως"
"2785","τήν","ὁ"
"2786","τε","τε"
"2787","καμπτικὴν","καμπτικός"
"2788","καὶ","καί"
"2789","τὴν","ὁ"
"2790","κατὰ","κατά"
"2791","τόπον","τόπος"
"2792","·","·"
"2793","οὐδὲ","οὐδέ"
"2794","γὰρ","γάρ"
"2795","τὴν","ὁ"
"2796","τοπικὴν","τοπικός"
"2797","οἷόν","οἷος"
"2798","τε","τε"
"2799","ἄνευ","ἄνευ"
"2800","κάμψεως","κάμψαος"
"2801",".","."
"2802","Σχεδὸν","σχεδόν"
"2803","δὲ","δέ"
"2804","καὶ","καί"
"2805","τὰ","ὁ"
"2806","ἐρείσματα","ἐρείσματος"
"2807","ἐν","ἐν"
"2808","τούτοις","οὗτος"
"2809",".","."
"2810","Τὴν","ὁ"
"2811","δὲ","δέ"
"2812","τοῦ","ὁ"
"2813","στέγειν","στέγω"
"2814","καὶ","καί"
"2815","περιέχειν","περιέχω"
"2816",",",","
"2817","οἷον","οἷος"
"2818","τὰ","ὁ"
"2819","ἐν","ἐν"
"2820","τῇ","ὁ"
"2821","κεφαλῇ","κεφαλή"
"2822","τὸν","ὁ"
"2823","ἐγκέφαλον","ἐγκέφαλος"
"2824",",",","
"2825","καὶ","καί"
"2826","ὅσοι","ὅσος"
"2827","δὴ","δή"
"2828","τὸν","ὁ"
"2829","μυελὸν","μυελός"
"2830","ἄρχειν","ἄρχω"
"2831",".","."
"2832","Αἱ","ὁ"
"2833","δὲ","δέ"
"2834","πλευραὶ","πλευρά"
"2835","τοῦ","ὁ"
"2836","συγκλείειν","συγκλείω"
"2837",".","."
"2838","Ἀρχὴ","ἀρχή"
"2839","δὲ","δέ"
"2840","καὶ","καί"
"2841","μένον","μένω"
"2842","ἡ","ὁ"
"2843","ῥάχις","ῥάχις"
"2844",",",","
"2845","ἀφ","ἀφ"
"2846","ἧς","ὅς"
"2847","καὶ","καί"
"2848","αἱ","ὁ"
"2849","πλευραὶ","πλευρά"
"2850","πρὸς","πρός"
"2851","τὴν","ὁ"
"2852","σύγκλεισιν","σύγκλεισις"
"2853",".","."
"2854","Ἀνάγκη","Ἀνάγκη"
"2855","γὰρ","γάρ"
"2856","εἶναί","εἰμί"
"2857","τι","τίς"
"2858","τοιοῦτον","τοιοῦτος"
"2859","·","·"
"2860","ἅπαν","ἅπας"
"2861","γὰρ","γάρ"
"2862","τὸ","ὁ"
"2863","κινούμενον","κινέω"
"2864","ἐξ","ἐκ"
"2865","ἠρεμοῦντος","ἠρεμοῦις"
"2866",".","."
"2867","Ἄμα","ἄμα"
"2868","δὲ","δέ"
"2869","καὶ","καί"
"2870","δεῖ","δεῖ"
"2871","γε","γε"
"2872","εἶναι","εἰμί"
"2873","τὸ","ὁ"
"2874","οὖ","οὐ"
"2875","ἕνεκα","ἕνεκα"
"2876",".","."
"2877","Ἐν","ἐν"
"2878","ᾧ","ὅς"
"2879","δὴ","δή"
"2880","καὶ","καί"
"2881","τὴν","ὁ"
"2882","ἀρχὴν","ἀρχή"
"2883","ἔνιοι","ἔνιοι"
"2884",",",","
"2885","τόν","ὁ"
"2886","τε","τε"
"2887","ῥαχίτην","ῥαχίτης"
"2888","καὶ","καί"
"2889","τὸν","ὁ"
"2890","ἐγκέφαλον","ἐγκέφαλος"
"2891",".","."
"2892","Ἔτι","ἔτι"
"2893","δὲ","δέ"
"2894","παρὰ","παρά"
"2895","ταῦτ","ταῦτ"
"2896","ἐπὶ","ἐπί"
"2897","συναφῆς","συναφή"
"2898","καὶ","καί"
"2899","συγκλείσεως","συγκλείσις"
"2900","χάριν","χάρις"
"2901",",",","
"2902","οἷον","οἷος"
"2903","ἡ","ὁ"
"2904","κλείς","κλείς"
"2905","·","·"
"2906","ὅθεν","ὅθεν"
"2907","ἴσως","ἴσως"
"2908","καὶ","καί"
"2909","τοὔ","τοὔ"
"2910","νομα","νομα"
"2911",".","."
"2912","Πρὸς","πρός"
"2913","δὲ","δέ"
"2914","τὴν","ὁ"
"2915","χρείαν","χρεία"
"2916","ἕκαστον","ἕκαστος"
"2917","καλῶς","καλῶς"
"2918",".","."
"2919","Οὔτε","Οὔτε"
"2920","γὰρ","γάρ"
"2921","ἡ","ὁ"
"2922","κάμψις","κάμψις"
"2923",",",","
"2924","οὔτε","οὔτε"
"2925","τοῦ","ὁ"
"2926","ὅλου","ὅλος"
"2927","οὔτε","οὔτε"
"2928","τῶν","ὁ"
"2929","μερῶν","μέρος"
"2930",",",","
"2931","εἰ","εἰ"
"2932","μὴ","μή"
"2933","τοιαῦτα","τοιοῦτος"
"2934",",",","
"2935","οἷον","οἷος"
"2936","ῥάχις","ῥάχις"
"2937",",",","
"2938","πούς","πούς"
"2939",",",","
"2940","ἀγκών","ἀγκών"
"2941",".","."
"2942","Εἴσω","Εἴσως"
"2943","γὰρ","γάρ"
"2944","δεῖ","δεῖ"
"2945","τὴν","ὁ"
"2946","κάμψιν","κάμψις"
"2947","πρὸς","πρός"
"2948","τὴν","ὁ"
"2949","χρείαν","χρεία"
"2950",".","."
"2951","Ὁμοίως","ὁμοίως"
"2952","δὲ","δέ"
"2953","καὶ","καί"
"2954","τὴν","ὁ"
"2955","τοῦ","ὁ"
"2956","ποδὸς","πούς"
"2957","καὶ","καί"
"2958","τῶν","ὁ"
"2959","ἄλλων","ἄλλος"
"2960","τοιαύτην","τοιοῦτος"
"2961",".","."
"2962","Ἄπαντα","Ἄπας"
"2963","δὲ","δέ"
"2964","ἕνεκά","ἕνεκα"
"2965","του","τις"
"2966",",",","
"2967","καὶ","καί"
"2968","τὰ","ὁ"
"2969","ἐν","ἐν"
"2970","τούτοις","οὗτος"
"2971","ὀστᾶ","ὀστέον"
"2972",",",","
"2973","οἷον","οἷος"
"2974","ἡ","ὁ"
"2975","ἐν","ἐν"
"2976","τῷ","ὁ"
"2977","ἀγκῶνι","ἀγκών"
"2978","κερκὶς","κερκίς"
"2979","ἕνεκα","ἕνεκα"
"2980","τῆς","ὁ"
"2981","στροφῆς","στροφή"
"2982","τοῦ","ὁ"
"2983","ἀγκῶνος","ἀγκών"
"2984","καὶ","καί"
"2985","τῆς","ὁ"
"2986","χειρός","χείρ"
"2987",".","."
"2988","Οὐ","οὐ"
"2989","γὰρ","γάρ"
"2990","ἐδυνάμεθα","δύναμαι"
"2991","πρηνῆ","πρανής"
"2992","καὶ","καί"
"2993","ὑπτίαν","ὕπτιος"
"2994","κινεῖν","κινέω"
"2995","ἄνευ","ἄνευ"
"2996","ταύτης","οὗτος"
"2997",",",","
"2998","οὐδὲ","οὐδέ"
"2999","τοὺς","ὁ"
"3000","πόδας","πούς"
"3001","ἐπαίρειν","ἐπαίρω"
"3002","καὶ","καί"
"3003","κάμπτειν","κάμπτω"
"3004",",",","
"3005","εἰ","εἰ"
"3006","μὴ","μή"
"3007","δύο","δύο"
"3008","αἱ","ὁ"
"3009","ἐν","ἐν"
"3010","τῇ","ὁ"
"3011","κινήσει","κινέω"
"3012","κερκίδες","κερκίς"
"3013",".","."
"3014","Ὡσαύτως","ὡσαύτως"
"3015","δὲ","δέ"
"3016","καὶ","καί"
"3017","τὰ","ὁ"
"3018","ἄλλα","ἄλλος"
"3019","σκεπτέον","σκοπέω"
"3020",",",","
"3021","οἷον","οἷος"
"3022","ἡ","ὁ"
"3023","τοῦ","ὁ"
"3024","τραχήλου","τράχηλος"
"3025","κίνησις","κίνησις"
"3026",",",","
"3027","εἰ","εἰ"
"3028","ἓν","εἷς"
"3029","τὸ","ὁ"
"3030","ὀστοῦν","ὀστέον"
"3031",".","."
"3032","Δεῖ","δεῖ"
"3033","δὲ","δέ"
"3034","καὶ","καί"
"3035","ὅσα","ὅσος"
"3036","πρὸς","πρός"
"3037","κατάληψιν","κατάληψις"
"3038","ἢ","ἤ"
"3039","σύνδεσμον","σύνδεσμος"
"3040",",",","
"3041","οἷον","οἷος"
"3042","ἡ","ὁ"
"3043","μύλη","μύλη"
"3044","ἡ","ὁ"
"3045","ἐπὶ","ἐπί"
"3046","τῷ","ὁ"
"3047","γόνατι","γόνυ"
"3048",".","."
"3049","Ἀλλὰ","ἀλλά"
"3050","καὶ","καί"
"3051","διὰ","διά"
"3052","τί","τίς"
"3053","τοῖς","ὁ"
"3054","ἄλλοις","ἄλλος"
"3055","οὔ","οὐ"
"3056",".","."
"3057","Ὅσα","ὅσος"
"3058","μὲν","μέν"
"3059","οὖν","οὖν"
"3060","κινητικά","κινητικός"
"3061",",",","
"3062","πάντα","πᾶς"
"3063","μὲν","μέν"
"3064","μετὰ","μετά"
"3065","νεύρων","νεῦρον"
"3066",",",","
"3067","ἴσως","ἴσως"
"3068","δ","δ"
"3069","ὅσα","ὅσος"
"3070","πρακτικῶς","πρακτικός"
"3071","μάλιστα","μάλα"
"3072",",",","
"3073","οἷον","οἷος"
"3074","τὰ","ὁ"
"3075","περὶ","περί"
"3076","ἀγκῶνα","ἀγκών"
"3077","καὶ","καί"
"3078","σκέλη","σκέλος"
"3079","καὶ","καί"
"3080","χεῖρας","χείρ"
"3081","καὶ","καί"
"3082","πόδας","πούς"
"3083",".","."
"3084","Τὰ","ὁ"
"3085","δ","ΑΒΓ"
"3086","ἄλλα","ἄλλος"
"3087","συνδέσμου","συνδέσμω"
"3088","χάριν","χάρις"
"3089",",",","
"3090","ὅσα","ὅσος"
"3091","δεῖται","δέω"
"3092",".","."
"3093","Ἐνίοις","ἔνιοι"
"3094","γὰρ","γάρ"
"3095","ἴσως","ἴσως"
"3096","οὐδὲν","οὐδείς"
"3097","ἢ","ἤ"
"3098","ἐπ","ἐπ"
"3099","ὀλίγον","ὀλίγος"
"3100",",",","
"3101","οἷον","οἷος"
"3102","ἡ","ὁ"
"3103","ῥάχις","ῥάχις"
"3104","·","·"
"3105","ἀλλ","ἀλλ"
"3106","ἡ","ὁ"
"3107","κάμψις","κάμψις"
"3108",".","."
"3109","Καὶ","καί"
"3110","γὰρ","γάρ"
"3111","ἡ","ὁ"
"3112","πρὸς","πρός"
"3113","ἄλληλα","ἀλλήλων"
"3114","κόλλησις","κόλλησις"
"3115","ἰχώρ","ἰχώρ"
"3116","ἐστι","εἰμί"
"3117","καὶ","καί"
"3118","ὑγρότης","ὑγρότης"
"3119","μυξώδης","μυξώδης"
"3120",".","."
"3121","Τὰ","ὁ"
"3122","δὲ","δέ"
"3123","καὶ","καί"
"3124","συνδεῖται","συνδεῖτης"
"3125","νεύροις","νεῦρον"
"3126",",",","
"3127","οἷον","οἷος"
"3128","τὰ","ὁ"
"3129","περὶ","περί"
"3130","τὰ","ὁ"
"3131","ἄρθρα","ἄρθρον"
"3132",".","."
"3133","Πάντων","πᾶς"
"3134","δ","δ"
"3135","ἐστὶ","εἰμί"
"3136","λόγος","λόγος"
"3137","ὁ","ὁ"
"3138","βελτίων","βελτίων"
"3139","ὡς","ὡς"
"3140","καὶ","καί"
"3141","νῦν","νῦν"
"3142","ζητεῖν","ζητέω"
"3143","·","·"
"3144","ἀλλὰ","ἀλλά"
"3145","τὰς","ὁ"
"3146","ἀρχὰς","ἀρχή"
"3147","ἐφ","ἐφ"
"3148","ἱκανόν","ἱκανός"
"3149",",",","
"3150","ὧν","ὅς"
"3151","χάριν","χάρις"
"3152",",",","
"3153","σκεπτέον","σκοπέω"
"3154",".","."
"3155","Οὐκ","οὐ"
"3156","ἂν","ἄν"
"3157","δόξειε","δοκέω"
"3158","κινήσεως","κίνησις"
"3159","ἕνεκα","ἕνεκα"
"3160","τὰ","ὁ"
"3161","ὀστᾶ","ὀστέον"
"3162",",",","
"3163","ἀλλὰ","ἀλλά"
"3164","μᾶλλον","μᾶλλον"
"3165","τὰ","ὁ"
"3166","νεῦρα","νεῦρον"
"3167","ἢ","ἤ"
"3168","τὰ","ὁ"
"3169","ἀνάλογον","ἀνάλογος"
"3170",",",","
"3171","ἐν","ἐν"
"3172","ᾧ","ὅς"
"3173","πρώτῳ","πρῶτος"
"3174","τὸ","ὁ"
"3175","πνεῦμα","πνεῦμα"
"3176","τὸ","ὁ"
"3177","κινητικόν","κινητικός"
"3178",",",","
"3179","ἐπεὶ","ἐπεί"
"3180","καὶ","καί"
"3181","ἡ","ὁ"
"3182","κοιλία","κοιλία"
"3183","κινεῖται","κινέω"
"3184","καὶ","καί"
"3185","ἡ","ὁ"
"3186","καρδία","καρδία"
"3187","νεῦρα","νεῦρον"
"3188","ἔχει","ἔχω"
"3189","·","·"
"3190","τὰ","ὁ"
"3191","δ","δ"
"3192","οὐ","οὐ"
"3193","πᾶσιν","πᾶς"
"3194",",",","
"3195","ἀλλ","ἀλλ"
"3196","ἐνίοις","ἔνιοι"
"3197",",",","
"3198","ἀνάγκη","ἀνάγκη"
"3199","καὶ","καί"
"3200","πρὸς","πρός"
"3201","τὴν","ὁ"
"3202","τοιαύτην","τοιοῦτος"
"3203","κίνησιν","κίνησις"
"3204","νεῦρα","νεῦρον"
"3205","ἔχειν","ἔχω"
"3206",",",","
"3207","ἢ","ἤ"
"3208","εἰς","εἰς"
"3209","τὸ","ὁ"
"3210",".","."
"3211","ὁ","ὁ"
"3212","γὰρ","γάρ"
"3213","πολύπους","πολύπους"
"3214","ἐπ","ἐπ"
"3215","ὀλίγον","ὀλίγος"
"3216","καὶ","καί"
"3217","κακῶς","κακῶς"
"3218","βαδίζει","βαδίζω"
"3219",".","."
"3220","Δεῖ","Δεῖ"
"3221","γὰρ","γάρ"
"3222","τοῦτο","οὗτος"
"3223","λαβεῖν","λαμβάνω"
"3224","ὥσπερ","ὥσπερ"
"3225","ἀρχήν","ἀρχή"
"3226",",",","
"3227","ὅτι","ὅτι"
"3228","πᾶσιν","πᾶς"
"3229",",",","
"3230","ἢ","ἤ"
"3231","ἄλλου","ἄλλος"
"3232","τινὸς","τίς"
"3233","χάριν","χάρις"
"3234","·","·"
"3235","ἀλλὰ","ἀλλά"
"3236","πρὸς","πρός"
"3237","τὴν","ὁ"
"3238","κίνησιν","κίνησις"
"3239","τὴν","ὁ"
"3240","οἰκείαν","οἰκεῖος"
"3241",",",","
"3242","οἷον","οἷος"
"3243","τοῖς","ὁ"
"3244","μὲν","μέν"
"3245","πεζοῖς","πεζός"
"3246","πόδας","πούς"
"3247",",",","
"3248","καὶ","καί"
"3249","τοῦτο","οὗτος"
"3250","τοῖς","ὁ"
"3251","μὲν","μέν"
"3252","ὀρθοῖς","ὀρθός"
"3253","δύο","δύο"
"3254",",",","
"3255","τοῖς","ὁ"
"3256","δὲ","δέ"
"3257","παντελῶς","παντελής"
"3258","ἐπὶ","ἐπί"
"3259","τῆς","ὁ"
"3260","γῆς","γῆ"
"3261","πλείους","πολύς"
"3262",",",","
"3263","ὅσοις","ὅσος"
"3264","ἡ","ὁ"
"3265","ὕλη","ὕλη"
"3266","γεωδεστέρα","γεωδής"
"3267","καὶ","καί"
"3268","ψυχροτέρα","ψέρτυχροος"
"3269",".","."
"3270","Τὰ","ὁ"
"3271","δὲ","δέ"
"3272","καὶ","καί"
"3273","ἄποδα","ἄπους"
"3274","ὅλως","ὅλως"
"3275","ἐγχωρεῖ","ἐγχωρέω"
"3276",".","."
"3277","Βίᾳ","Βίᾳ"
"3278","γὰρ","γάρ"
"3279","οὕτω","οὕτως"
"3280","κινεῖσθαι","κινέω"
"3281","τοῖς","ὁ"
"3282","πτηνοῖς","πτηνός"
"3283","πτέρυγας","πτέρυξ"
"3284",",",","
"3285","καὶ","καί"
"3286","τούτων","οὗτος"
"3287","τὴν","ὁ"
"3288","μορφὴν","μορφή"
"3289","οἰκείαν","οἰκεῖος"
"3290","τῇ","ὁ"
"3291","φύσει","φύσις"
"3292",".","."
"3293","Διάφορα","Διάφωρ"
"3294","δὲ","δέ"
"3295","τοῖς","ὁ"
"3296","πτητικωτέροις","πτητικωτέρος"
"3297","καὶ","καί"
"3298","βραχυτέροις","βραχύς"
"3299",".","."
"3300","Πόδας","πούς"
"3301","δὲ","δέ"
"3302","τροφῆς","τροφή"
"3303","χάριν","χάρις"
"3304","καὶ","καί"
"3305","ἀναστάσεως","ἀνάστασις"
"3306",",",","
"3307","πλὴν","πλήν"
"3308","τῆς","ὁ"
"3309","νυκτερίδος","νυκτερίς"
"3310","·","·"
"3311","διὸ","διό"
"3312","καὶ","καί"
"3313","τὴν","ὁ"
"3314","τροφὴν","τροφή"
"3315","ἐκ","ἐκ"
"3316","τοῦ","ὁ"
"3317","ἀέρος","ἀήρ"
"3318",".","."
"3319","Καὶ","καί"
"3320","μὴ","μή"
"3321","δεῖσθαι","δέω"
"3322","διαναπαύσεως","διαναπαύσις"
"3323","·","·"
"3324","οὐ","οὐ"
"3325","δέονται","δέω"
"3326","γὰρ","γάρ"
"3327","δι","δι"
"3328","ἄλλων","ἄλλος"
"3329",".","."
"3330","Τὰ","ὁ"
"3331","δὲ","δέ"
"3332","ὀστρακόδερμα","ὀστρακόδερμα"
"3333","τῶν","ὁ"
"3334","ἐνύδρων","ἔνυδρος"
"3335","ὑπόποδα","ὑπόπους"
"3336","διὰ","διά"
"3337","τὸ","ὁ"
"3338","βάρος","βάρος"
"3339",".","."
"3340","Καὶ","καί"
"3341","ταῦτα","οὗτος"
"3342","μὲν","μέν"
"3343","πρὸς","πρός"
"3344","τὴν","ὁ"
"3345","κατὰ","κατά"
"3346","τόπον","τόπος"
"3347","ἀλλαγήν","ἀλλαγή"
"3348","·","·"
"3349","ὅσα","ὅσος"
"3350","δὲ","δέ"
"3351","πρὸς","πρός"
"3352","τὴν","ὁ"
"3353","ἄλλην","ἄλλος"
"3354","χρείαν","χρεία"
"3355",",",","
"3356","ὥσπερ","ὥσπερ"
"3357","ὑφηγεῖται","ὑφηγέομαι"
"3358","καὶ","καί"
"3359","ἑκάστου","ἕκαστος"
"3360","τὰ","ὁ"
"3361","ἴδια","ἴδιος"
"3362",",",","
"3363","καὶ","καί"
"3364","εἴ","εἰ"
"3365","τι","τίς"
"3366","μὴ","μή"
"3367","προφανές","προφανής"
"3368",",",","
"3369","οἷον","οἷος"
"3370","διὰ","διά"
"3371","τί","τίς"
"3372","τὰ","ὁ"
"3373","πολύποδα","πολύπους"
"3374","βραδύτατα","βραδύς"
"3375",",",","
"3376","καίτοι","καίτοι"
"3377","τὰ","ὁ"
"3378","τετράποδα","τετράπους"
"3379","θάττω","ταχύς"
"3380","τῶν","ὁ"
"3381","διπόδων","δίπους"
"3382","·","·"
"3383","πότερον","πότερον"
"3384","ὅτι","ὅτι"
"3385","ἐπὶ","ἐπί"
"3386","γῆς","γῆ"
"3387","ὅλα","ὅλος"
"3388","τὰ","ὁ"
"3389","σώματα","σῶμα"
"3390",";",";"
"3391","ἢ","ἤ"
"3392","ὅτι","ὅτι"
"3393","φύσει","φύσις"
"3394","ψυχρὰ","ψυχρός"
"3395","καὶ","καί"
"3396","δυσκίνητα","δυσκίνης"
"3397",";",";"
"3398","ἢ","ἤ"
"3399","δι","δι"
"3400","ἄλλην","ἄλλος"
"3401","αἰτίαν","αἰτία"
"3402",";",";"
"3403","Οἱ","ὁ"
"3404","ἀναιροῦντες","ἀναιρέω"
"3405","ὡς","ὡς"
"3406","οὐ","οὐ"
"3407","τὸ","ὁ"
"3408","θερυὸν","θερυός"
"3409","τὸ","ὁ"
"3410","ἐργαζόμενον","ἐργάζομαι"
"3411","ἐν","ἐν"
"3412","τοῖς","ὁ"
"3413","σώμασιν","σῶμα"
"3414",",",","
"3415","ἢ","ἤ"
"3416","ὅτι","ὅτι"
"3417","μία","εἷς"
"3418","τις","τίς"
"3419","φορὰ","φορά"
"3420","καὶ","καί"
"3421","δύναμις","δύναμις"
"3422","ἡ","ὁ"
"3423","τμητικὴ","τμητικός"
"3424","τοῦ","ὁ"
"3425","πυρός","πῦρ"
"3426",",",","
"3427","οὐ","οὐ"
"3428","καλῶς","καλῶς"
"3429","λέγουσιν","λέγω"
"3430",".","."
"3431","Οὐδὲ","οὐδέ"
"3432","γὰρ","γάρ"
"3433","ὅλα","ὅλος"
"3434","τοῖς","ὁ"
"3435","ἀψύχοις","ἄψυχος"
"3436","ταὐτὸ","αὐτός"
"3437","ποιεῖ","ποιέω"
"3438","πᾶσιν","πᾶς"
"3439",",",","
"3440","ἀλλὰ","ἀλλά"
"3441","τὰ","ὁ"
"3442","μὲν","μέν"
"3443","πυκνοῖ","πυκνέω"
"3444",",",","
"3445","τὰ","ὁ"
"3446","δὲ","δέ"
"3447","μανοῖ","μανόω"
"3448","καὶ","καί"
"3449","τήκει","τήκω"
"3450",",",","
"3451","τὰ","ὁ"
"3452","δὲ","δέ"
"3453","πήγνυσιν","πήγνυμι"
"3454",".","."
"3455","Ἐν","ἐν"
"3456","δὲ","δέ"
"3457","δὴ","δή"
"3458","τοῖς","ὁ"
"3459","ἐμψύχοις","ἔμψυχος"
"3460","οὕτως","οὕτως"
"3461","ὑποληπτέον","ὑπολαμβάνω"
"3462",",",","
"3463","ὥσπερ","ὥσπερ"
"3464","φύσεως","φύσις"
"3465","πῦρ","πῦρ"
"3466","ζητοῦντα","ζητέω"
"3467",",",","
"3468","καθάπερ","καθάπερ"
"3469","τέχνης","τέχνη"
"3470","·","·"
"3471","καὶ","καί"
"3472","γὰρ","γάρ"
"3473","ἐν","ἐν"
"3474","ταῖς","ὁ"
"3475","τέχναις","τέχνη"
"3476","ἕτερον","ἕτερος"
"3477","τὸ","ὁ"
"3478","χρυσοχοϊκὸν","χρυσοχοϊκός"
"3479","καὶ","καί"
"3480","τὸ","ὁ"
"3481","χαλκευτικὸν","χαλκευτικός"
"3482","καὶ","καί"
"3483","τὸ","ὁ"
"3484","τεκτονικὸν","τεκτονικός"
"3485","πῦρ","πῦρ"
"3486","ἀποτελεῖ","ἀποτελέω"
"3487",",",","
"3488","καὶ","καί"
"3489","τὸ","ὁ"
"3490","μαγειρικόν","μαγειρικός"
"3491",".","."
"3492","Ἴσως","Ἴσως"
"3493","δ","ΑΒΓ"
"3494","ἀληθέστερον","ἀληθής"
"3495","ὅτι","ὅτι"
"3496","αἱ","ὁ"
"3497","τέχναι","τέχνη"
"3498","·","·"
"3499","χρῶνται","χράω"
"3500","γὰρ","γάρ"
"3501","ὥσπερ","ὥσπερ"
"3502","ὀργάνῳ","ὄργανον"
"3503","μαλάττουσαι","μαλάττω"
"3504","καὶ","καί"
"3505","τήκουσαι","τήκουζω"
"3506","καὶ","καί"
"3507","ζηραίνουσαι","ζηραίνουζω"
"3508",",",","
"3509","ἔνια","ἔνιοι"
"3510","δὲ","δέ"
"3511","καὶ","καί"
"3512","ῥυθμίζουσαι","ῥυθμίζουζω"
"3513",".","."
"3514","Τὸ","ὁ"
"3515","αὐτὸ","αὐτός"
"3516","δὲ","δέ"
"3517","τοῦτο","οὗτος"
"3518","καὶ","καί"
"3519","αἱ","ὁ"
"3520","φύσεις","φύσις"
"3521","·","·"
"3522","ὅθεν","ὅθεν"
"3523","δὴ","δή"
"3524","καὶ","καί"
"3525","πρὸς","πρός"
"3526","ἄλληλα","ἀλλήλων"
"3527","διαφοραί","διαφορά"
"3528",".","."
"3529","Διὸ","διό"
"3530","γελοῖον","γέλοιος"
"3531","πρὸς","πρός"
"3532","τὸ","ὁ"
"3533","ἔξω","ἔξω"
"3534","κρίνειν","κρίνω"
"3535","·","·"
"3536","εἴτε","εἴτε"
"3537","γὰρ","γάρ"
"3538","διακρῖνον","διακρῖνος"
"3539","εἴτε","εἴτε"
"3540","λεπτῦνον","λεπτῦνος"
"3541","εἴθ","εἴθ"
"3542","ὁτιδήποτ","ὁτιδήποτ"
"3543","ἐστὶ","εἰμί"
"3544","τὸ","ὁ"
"3545","θερμαίνεσθαι","θερμαίνω"
"3546","καὶ","καί"
"3547","πυροῦσθαι","πυροῦσθαι"
"3548",",",","
"3549","διαφορὰν","διαφορά"
"3550","ἕξει","ἔχω"
"3551","τὰ","ὁ"
"3552","ἔργα","ἔργον"
"3553","τοῖς","ὁ"
"3554","χρωμένοις","χράω"
"3555",".","."
"3556","Ἀλλ","Ἀλλ"
"3557","αἱ","ὁ"
"3558","μὲν","μέν"
"3559","τέχναι","τέχνη"
"3560","ὡς","ὡς"
"3561","ὀργάνῳ","ὄργανον"
"3562","χρῶνται","χράω"
"3563",",",","
"3564","ἡ","ὁ"
"3565","δὲ","δέ"
"3566","φύσις","φύσις"
"3567","ἅμα","ἅμα"
"3568","καὶ","καί"
"3569","ὡς","ὡς"
"3570","ὕλῃ","ὕλη"
"3571",".","."
"3572","Οὐ","οὐ"
"3573","δὴ","δή"
"3574","τοῦτο","οὗτος"
"3575","χαλεπόν","χαλεπός"
"3576",",",","
"3577","ἀλλὰ","ἀλλά"
"3578","μᾶλλον","μᾶλλον"
"3579","τὸ","ὁ"
"3580","τὴν","ὁ"
"3581","φύσιν","φύσις"
"3582","αὐτὴν","αὐτός"
"3583","νοῆσαι","νοέω"
"3584","τὴν","ὁ"
"3585","χρωμένην","χράω"
"3586",",",","
"3587","ἥτις","ὅστις"
"3588","ἅμα","ἅμα"
"3589","τοῖς","ὁ"
"3590","αἰσθητοῖς","αἰσθητός"
"3591","πάθεσι","πάθος"
"3592","καὶ","καί"
"3593","τὸν","ὁ"
"3594","ῥυθμὸν","ῥυθμός"
"3595","ἀποδώσει","ἀποδίδωμι"
"3596",".","."
"3597","Τοῦτο","οὗτος"
"3598","γὰρ","γάρ"
"3599","οὐκέτι","οὐκέτι"
"3600","πυρὸς","πῦρ"
"3601","οὐδὲ","οὐδέ"
"3602","πνεύματος","πνεῦμα"
"3603",".","."
"3604","Τούτοις","Τούτος"
"3605","δὴ","δή"
"3606","καταμεμῖχθαι","καταμεμῖχθαι"
"3607","τοιαύτην","τοιοῦτος"
"3608","δύναμιν","δύναμις"
"3609","θαυμαστόν","θαυμαστός"
"3610",".","."
"3611","Ἔτι","ἔτι"
"3612","δὲ","δέ"
"3613","τοῦτο","οὗτος"
"3614","θαυμαστὸν","θαυμαστός"
"3615","ταὐτὸν","αὐτός"
"3616","καὶ","καί"
"3617","περὶ","περί"
"3618","ψυχῆς","ψυχή"
"3619","·","·"
"3620","ἐν","ἐν"
"3621","τούτοις","οὗτος"
"3622","γὰρ","γάρ"
"3623","ὑπάρχει","ὑπάρχω"
"3624",".","."
"3625","Διόπερ","διόπερ"
"3626","οὐ","οὐ"
"3627","κακῶς","κακῶς"
"3628","εἰς","εἰς"
"3629","ταὐτόν","αὐτός"
"3630",",",","
"3631","ἢ","ἤ"
"3632","ἁπλῶς","ἁπλῶς"
"3633","ἢ","ἤ"
"3634","μόριόν","μόριον"
"3635","τι","τίς"
"3636","τὸ","ὁ"
"3637","δημιουργοῦν","δημιουργέω"
"3638",",",","
"3639","καὶ","καί"
"3640","τὸ","ὁ"
"3641","τὴν","ὁ"
"3642","κίνησιν","κίνησις"
"3643","ἀεὶ","ἀεί"
"3644","τὴν","ὁ"
"3645","ὁμοίαν","ὅμοιος"
"3646","ὑπάρχειν","ὑπάρχω"
"3647","ἐνέργειαν","ἐνέργεια"
"3648","·","·"
"3649","καὶ","καί"
"3650","γὰρ","γάρ"
"3651","ἡ","ὁ"
"3652","φύσις","φύσις"
"3653",",",","
"3654","ἀφ","ἀφ"
"3655","ἧς","ὅς"
"3656","καὶ","καί"
"3657","ἡ","ὁ"
"3658","γένεσις","γένεσις"
"3659",".","."
"3660","Ἀλλὰ","ἀλλά"
"3661","δὴ","δή"
"3662","τίς","τίς"
"3663","ἡ","ὁ"
"3664","διαφορὰ","διαφορά"
"3665","τοῦ","ὁ"
"3666","καθ","καθ"
"3667","ἕκαστον","ἕκαστος"
"3668","θερμοῦ","θερμός"
"3669",";",";"
"3670","εἴθ","εἴθ"
"3671","ὡς","ὡς"
"3672","ὄργανον","ὄργανον"
"3673","εἴθ","εἴθ"
"3674","ὡς","ὡς"
"3675","ὕλην","ὕλη"
"3676","εἴθ","εἴθ"
"3677","ὡς","ὡς"
"3678","ἄμφω","ἄμφω"
"3679",".","."
"3680","Πυρὸς","Πῦρ"
"3681","γὰρ","γάρ"
"3682","διαφοραὶ","διαφορά"
"3683","κατὰ","κατά"
"3684","τὸ","ὁ"
"3685","μᾶλλον","μᾶλλον"
"3686","καὶ","καί"
"3687","ἧττον","ἥσσων"
"3688",".","."
"3689","Τοῦτο","οὗτος"
"3690","δὲ","δέ"
"3691","σχεδὸν","σχεδόν"
"3692","ὥσπερ","ὥσπερ"
"3693","ἐν","ἐν"
"3694","μίξει","μείγνυμι"
"3695","καὶ","καί"
"3696","ἀμιξίᾳ","ἀμιξία"
"3697","·","·"
"3698","τὸ","ὁ"
"3699","γὰρ","γάρ"
"3700","καθαρώτερον","καθαρός"
"3701","μᾶλλον","μᾶλλον"
"3702",".","."
"3703","Ὁ","ὁ"
"3704","αὐτὸς","αὐτός"
"3705","δὲ","δέ"
"3706","λόγος","λόγος"
"3707","καὶ","καί"
"3708","ἐπὶ","ἐπί"
"3709","τῶν","ὁ"
"3710","ἄλλων","ἄλλος"
"3711","ἁπλῶν","ἁπλόος"
"3712",".","."
"3713","ἀνάγκη","ἀνάγκη"
"3714","γάρ","γάρ"
"3715",",",","
"3716","ἐπεί","ἐπεί"
"3717","περ","πέρ"
"3718","ἕτερον","ἕτερος"
"3719","ὀστοῦν","ὀστέον"
"3720","καὶ","καί"
"3721","σὰρξ","σάρξ"
"3722","ἡ","ὁ"
"3723","ἵππου","ἵππος"
"3724","καὶ","καί"
"3725","ἡ","ὁ"
"3726","βοός","βοῦς"
"3727",",",","
"3728","ἢ","ἤ"
"3729","τῷ","ὁ"
"3730","ἐξ","ἐκ"
"3731","ἑτέρων","ἕτερος"
"3732","εἶναι","εἰμί"
"3733","ἢ","ἤ"
"3734","τῇ","ὁ"
"3735","χρήσει","χρή"
"3736","διαφέρειν","διαφέρω"
"3737",".","."
"3738","Εἰ","εἰ"
"3739","μὲν","μέν"
"3740","οὖν","οὖν"
"3741","ἕτερα","ἕτερος"
"3742",",",","
"3743","τίνες","τίς"
"3744","αἱ","ὁ"
"3745","διαφοραὶ","διαφορά"
"3746","ἑκάστου","ἕκαστος"
"3747","τῶν","ὁ"
"3748","ἁπλῶν","ἁπλόος"
"3749",";",";"
"3750","καὶ","καί"
"3751","τίς","τίς"
"3752",";",";"
"3753","Ταύτας","οὗτος"
"3754","γὰρ","γάρ"
"3755","ζητοῦμεν","ζητέω"
"3756",".","."
"3757","Εἰ","εἰ"
"3758","δὲ","δέ"
"3759","ταὐτά","αὐτός"
"3760",",",","
"3761","τοῖς","ὁ"
"3762","λόγοις","λόγος"
"3763","ἂν","ἄν"
"3764","διαφέροι","διαφέρω"
"3765",".","."
"3766","Ἀνάγκη","Ἀνάγκη"
"3767","γὰρ","γάρ"
"3768","δυοῖν","δύο"
"3769","θάτερον","ἕτερος"
"3770",",",","
"3771","καθάπερ","καθάπερ"
"3772","ἐν","ἐν"
"3773","τοῖς","ὁ"
"3774","ἄλλοις","ἄλλος"
"3775","·","·"
"3776","οἴνου","οἶνος"
"3777","μὲν","μέν"
"3778","γὰρ","γάρ"
"3779","καὶ","καί"
"3780","μέλιτος","μέλι"
"3781","κρᾶσιν","κρᾶσις"
"3782","διὰ","διά"
"3783","τὸ","ὁ"
"3784","ὑποκείμενον","ὑπόκειμαι"
"3785",",",","
"3786","οἴνου","οἶνος"
"3787","δ","δ"
"3788","αὐτοῦ","αὐτός"
"3789",",",","
"3790","εἴπερ","εἴπερ"
"3791","ἕτερα","ἕτερος"
"3792",",",","
"3793","διὰ","διά"
"3794","τὸν","ὁ"
"3795","λόγον","λόγος"
"3796",".","."
"3797","Διὸ","διό"
"3798","καὶ","καί"
"3799","Ἐμπεδοκλῆς","Ἐμπεδοκλῆς"
"3800","αἰτίαν","αἰτία"
"3801","ἁπλῶς","ἁπλῶς"
"3802","τὴν","ὁ"
"3803","τοῦ","ὁ"
"3804","ὀστοῦ","ὀστέον"
"3805","φύσιν","φύσις"
"3806",",",","
"3807","εἴπερ","εἴπερ"
"3808","ἅπαντα","ἅπας"
"3809","τὸν","ὁ"
"3810","αὐτὸν","αὐτός"
"3811","λόγον","λόγος"
"3812","ἔχει","ἔχω"
"3813","τῆς","ὁ"
"3814","μίξεως","μίξις"
"3815",",",","
"3816","ἀδιάφορα","ἀδιάφορος"
"3817","ἐχρῆν","χρή"
"3818","ἵππου","ἵππος"
"3819","καὶ","καί"
"3820","λέοντος","λέων"
"3821","καὶ","καί"
"3822","ἀνθρώπου","ἄνθρωπος"
"3823","εἶναι","εἰμί"
"3824",".","."
"3825","Νῦν","νῦν"
"3826","δὲ","δέ"
"3827","διαφέρει","διαφέρω"
"3828","σκληρότητι","σκληρότης"
"3829",",",","
"3830","μαλακότητι","μαλακότης"
"3831",",",","
"3832","πυκνότητι","πυκνότης"
"3833",",",","
"3834","τοῖς","ὁ"
"3835","ἄλλοις","ἄλλος"
"3836",".","."
"3837","Ὁμοίως","ὁμοίως"
"3838","καὶ","καί"
"3839","σὰρξ","σάρξ"
"3840","καὶ","καί"
"3841","τὰ","ὁ"
"3842","ἄλλα","ἄλλος"
"3843","μόρια","μόριον"
"3844",".","."
"3845","Ἔτι","ἔτι"
"3846","δὲ","δέ"
"3847","τὰ","ὁ"
"3848","ἐν","ἐν"
"3849","τῷ","ὁ"
"3850","αὐτῷ","αὐτός"
"3851","ζῴῳ","ζῷον"
"3852","διαφέρουσι","διαφέρω"
"3853","πυκνότητι","πυκνότης"
"3854","καὶ","καί"
"3855","μανότητι","μανότης"
"3856","καὶ","καί"
"3857","τοῖς","ὁ"
"3858","ἄλλοις","ἄλλος"
"3859",",",","
"3860","ὥστ","ὥστ"
"3861","οὐχ","οὐ"
"3862","ἡ","ὁ"
"3863","αὐτὴ","αὐτός"
"3864","κρᾶσις","κρᾶσις"
"3865",".","."
"3866","Ταχὺ","ταχύς"
"3867","μὲν","μέν"
"3868","γὰρ","γάρ"
"3869","καὶ","καί"
"3870","λεπτὸν","λεπτός"
"3871","καὶ","καί"
"3872","μέγα","μέγας"
"3873","καὶ","καί"
"3874","μικρὸν","μικρός"
"3875","εἴη","εἰμί"
"3876","ἐν","ἐν"
"3877","τῷ","ὁ"
"3878","ποσῷ","ποσός"
"3879",",",","
"3880","σκληρὸν","σκληρός"
"3881","δὲ","δέ"
"3882","καὶ","καί"
"3883","πυκνὸν","πυκνός"
"3884","καὶ","καί"
"3885","τὰ","ὁ"
"3886","ἐναντία","ἐναντίος"
"3887","τούτοις","οὗτος"
"3888","ἐν","ἐν"
"3889","τῷ","ὁ"
"3890","ποιῷ","ποῖος"
"3891","τῷ","ὁ"
"3892","τῆς","ὁ"
"3893","μίξεως","μίξις"
"3894",".","."
"3895","Ἀναγκαῖον","ἀναγκαῖος"
"3896","δὲ","δέ"
"3897","τοῖς","ὁ"
"3898","οὕτω","οὕτως"
"3899","λέγουσιν","λέγω"
"3900","εἰδέναι","οἶδα"
"3901","πῶς","πῶς"
"3902","τὸ","ὁ"
"3903","δημιουργοῦν","δημιουργέω"
"3904","ἕτερον","ἕτερος"
"3905","εἴη","εἰμί"
"3906","ἄν","ἄν"
"3907",".","."
"3908","Καίτοι","καίτοι"
"3909","τοῦτο","οὗτος"
"3910","πλέον","πολύς"
"3911","ἢ","ἤ"
"3912","ἔλαττον","ἐλάσσων"
"3913","εἶναι","εἰμί"
"3914",",",","
"3915","καὶ","καί"
"3916","τῷ","ὁ"
"3917","καθ","καθ"
"3918","αὑτὸ","ἑαυτοῦ"
"3919","καὶ","καί"
"3920","τῷ","ὁ"
"3921","μεμιγμένῳ","μεμιάγ"
"3922",",",","
"3923","ἢ","ἤ"
"3924","ἐν","ἐν"
"3925","ἄλλῳ","ἄλλος"
"3926","πυροῦσθαι","πυροῦσθαι"
"3927","καθάπερ","καθάπερ"
"3928","τὰ","ὁ"
"3929","ἑψόμενα","ἕψω"
"3930","καὶ","καί"
"3931","ὀπτώμενα","ὀπτάω"
"3932",".","."
"3933","Ὅπερ","ὅς"
"3934","ἴσως","ἴσως"
"3935","ἀληθές","ἀληθής"
"3936","·","·"
"3937","ἅμα","ἅμα"
"3938","γὰρ","γάρ"
"3939","ἐγκαταμίγνυται","ἐγκαταμίγνυται"
"3940","καὶ","καί"
"3941","ποιεῖ","ποιέω"
"3942","τὸ","ὁ"
"3943","τῆς","ὁ"
"3944","φύσεως","φύσις"
"3945",".","."
"3946","Ἄρα","ἆρα"
"3947","ὁ","ὁ"
"3948","αὐτὸς","αὐτός"
"3949","καὶ","καί"
"3950","περὶ","περί"
"3951","σαρκὸς","σάρξ"
"3952","λόγος","λόγος"
"3953","·","·"
"3954","καὶ","καί"
"3955","γὰρ","γάρ"
"3956","αἱ","ὁ"
"3957","αὐταὶ","οὗτος"
"3958","διαφοραί","διαφορά"
"3959",".","."
"3960","Σχεδὸν","σχεδόν"
"3961","δὲ","δέ"
"3962","καὶ","καί"
"3963","περὶ","περί"
"3964","φλεβὸς","φλέψ"
"3965","καὶ","καί"
"3966","ἀρτηρίας","ἀρτηρία"
"3967","καὶ","καί"
"3968","τῶν","ὁ"
"3969","λοιπῶν","λοιπός"
"3970",".","."
"3971","Ὥστε","ὥστε"
"3972","δυεῖν","δύο"
"3973","θάτερον","ἕτερος"
"3974",",",","
"3975","ἢ","ἤ"
"3976","οὐχ","οὐ"
"3977","εἷς","εἷς"
"3978","ὁ","ὁ"
"3979","λόγος","λόγος"
"3980","τούτων","οὗτος"
"3981","κατὰ","κατά"
"3982","τὴν","ὁ"
"3983","μίξιν","μίξις"
"3984",",",","
"3985","ἢ","ἤ"
"3986","οὐ","οὐ"
"3987","σκληρότητι","σκληρότης"
"3988","καὶ","καί"
"3989","πυκνότητι","πυκνότης"
"3990","καὶ","καί"
"3991","τοῖς","ὁ"
"3992","ἐναντίοις","ἐναντίος"
"3993","τοὺς","ὁ"
"3994","λόγους","λόγος"
"3995","ληπτέον","λαμβάνω"
"3996",".","."
